Station (alphabetical by borough),Borough,2015,2016,2017,2018,2019,2020,Change19-20,PercentChange,2020Rank
"138 St-Grand Concourse (4,5)",Bx,3480,3532,3486,3166,3324,1211,"-2,113",-0.636,380
"149 St-Grand Concourse (2,4,5)",Bx,14465,14460,14063,13081,12960,5814,"-7,146",-0.551,95
"161 St-Yankee Stadium (B,D,4)",Bx,27020,26947,26674,26034,25642,10112,"-15,530",-0.606,41
167 St (4),Bx,9923,9972,9466,9398,8486,4357,"-4,129",-0.487,145
"167 St (B,D)",Bx,10166,10439,10223,6342,8542,4405,"-4,137",-0.484,139
170 St (4),Bx,9507,9514,8910,8140,7926,3983,"-3,943",-0.497,162
"170 St (B,D)",Bx,7101,7225,7089,7913,6767,3127,"-3,640",-0.538,209
"174 St (2,5)",Bx,7619,7690,7466,6751,6644,3051,"-3,594",-0.541,214
"174-175 Sts (B,D)",Bx,5312,5519,5475,3221,4869,2496,"-2,372",-0.487,259
176 St (4),Bx,6160,6378,6232,5807,5518,2762,"-2,756",-0.499,233
"182-183 Sts (B,D)",Bx,5020,5177,4990,4752,4773,2377,"-2,396",-0.502,270
183 St (4),Bx,6372,6443,6271,5754,5641,2944,"-2,697",-0.478,222
"219 St (2,5)",Bx,3529,3423,3439,3335,3232,1478,"-1,754",-0.543,352
"225 St (2,5)",Bx,4591,4408,4340,3961,3898,1774,"-2,124",-0.545,325
231 St (1),Bx,9596,9749,9774,10287,9658,4184,"-5,475",-0.567,154
"233 St (2,5)",Bx,5632,5438,5138,4864,4768,2348,"-2,420",-0.507,273
238 St (1),Bx,4068,4350,4370,3225,3998,1908,"-2,091",-0.523,313
3 Av-138 St (6),Bx,7994,8008,8114,7801,8100,4005,"-4,095",-0.506,161
"3 Av-149 St (2,5)",Bx,24813,24808,24228,22357,22167,10187,"-11,979",-0.54,38
"Allerton Av (2,5)",Bx,5779,5530,5403,5144,5161,2443,"-2,718",-0.527,264
Baychester Av (5),Bx,4090,4064,3846,3551,3789,1666,"-2,123",-0.56,336
"Bedford Park Blvd (B,D)",Bx,7046,7236,7066,6419,6911,3099,"-3,812",-0.552,210
Bedford Park Blvd-Lehman College (4),Bx,6040,5912,5649,5170,5066,2206,"-2,860",-0.565,289
"Bronx Park East (2,5)",Bx,2868,2785,2676,2498,2526,1166,"-1,361",-0.539,384
Brook Av (6),Bx,6244,6226,6118,6040,5917,3009,"-2,909",-0.492,217
Buhre Av (6),Bx,2237,3568,3701,3744,3898,1730,"-2,168",-0.556,330
"Burke Av (2,5)",Bx,3644,3550,3466,3234,3250,1561,"-1,689",-0.52,344
Burnside Av (4),Bx,11551,11479,11079,10231,9964,4629,"-5,335",-0.535,131
Castle Hill Av (6),Bx,7174,6895,6756,6483,6435,3037,"-3,398",-0.528,215
Cypress Av (6),Bx,3974,4099,3972,3651,3462,1649,"-1,813",-0.524,338
East 143 St-St Mary's St (6),Bx,989,1043,953,1019,1085,567,-517,-0.477,415
East 149 St (6),Bx,4647,4861,4899,4842,4821,2515,"-2,306",-0.478,256
"East 180 St (2,5)",Bx,7587,7697,7691,7175,7089,3479,"-3,609",-0.509,182
Eastchester-Dyre Av (5),Bx,4845,4769,4647,4506,4672,2168,"-2,503",-0.536,293
Elder Av (6),Bx,6543,6642,6605,6323,6371,3278,"-3,093",-0.486,199
Fordham Rd (4),Bx,11982,11957,11503,10395,9796,4857,"-4,939",-0.504,123
"Fordham Rd (B,D)",Bx,12145,12208,12054,11361,11587,5349,"-6,238",-0.538,108
"Freeman St (2,5)",Bx,4899,5055,4984,4451,4387,2048,"-2,339",-0.533,301
"Gun Hill Rd (2,5)",Bx,7790,7714,7639,6930,7022,3214,"-3,808",-0.542,205
Gun Hill Rd (5),Bx,5880,5886,5654,5362,4287,1549,"-2,738",-0.639,347
Hunts Point Av (6),Bx,10484,10651,10646,10460,10510,5271,"-5,239",-0.499,109
"Intervale Av (2,5)",Bx,3472,3423,3377,3130,3140,1521,"-1,619",-0.516,350
"Jackson Av (2,5)",Bx,5705,5752,5766,5288,5167,2375,"-2,792",-0.54,271
Kingsbridge Rd (4),Bx,10107,9998,9783,8992,8849,4277,"-4,571",-0.517,148
"Kingsbridge Rd (B,D)",Bx,8006,8144,8237,7922,7957,3754,"-4,203",-0.528,177
Longwood Av (6),Bx,3482,3517,3518,3395,3168,1267,"-1,902",-0.6,377
Middletown Rd (6),Bx,2726,2066,2102,2036,2061,873,"-1,188",-0.576,404
Morris Park (5),Bx,2319,2487,2527,2417,2520,1104,"-1,416",-0.562,390
Morrison Av-Soundview (6),Bx,6628,6755,6742,6361,6341,3173,"-3,168",-0.5,207
Mosholu Pkwy (4),Bx,9252,9135,8770,8195,8074,4070,"-4,004",-0.496,158
Mt Eden Av (4),Bx,5817,5770,5512,5337,5009,2625,"-2,384",-0.476,244
"Nereid Av (2,5)",Bx,3817,3753,3631,3437,3394,1558,"-1,836",-0.541,345
Norwood-205 St (D),Bx,8640,8897,8751,8429,8544,4174,"-4,369",-0.511,155
Parkchester (6),Bx,16572,16561,16310,15660,15427,7028,"-8,399",-0.544,72
Pelham Bay Park (6),Bx,7432,7213,7185,7001,7020,3094,"-3,926",-0.559,211
"Pelham Pkwy (2,5)",Bx,9774,9441,9173,8472,8463,3915,"-4,547",-0.537,167
Pelham Pkwy (5),Bx,3303,3332,3237,3083,3225,1427,"-1,797",-0.557,363
"Prospect Av (2,5)",Bx,7908,8004,7704,7038,6936,3258,"-3,677",-0.53,200
"Simpson St (2,5)",Bx,9981,9680,9446,8477,8257,3914,"-4,343",-0.526,168
St Lawrence Av (6),Bx,4185,4187,4196,4040,4077,2002,"-2,075",-0.509,306
"Tremont Av (B,D)",Bx,9980,10246,10055,10398,9769,4543,"-5,226",-0.535,133
Van Cortlandt Park-242 St (1),Bx,7338,7431,7396,7742,7330,3215,"-4,115",-0.561,204
Wakefield-241 St (2),Bx,5186,5213,5129,4763,4538,2284,"-2,254",-0.497,277
"West Farms Sq-East Tremont Av (2,5)",Bx,8010,7848,7657,6866,6741,3006,"-3,735",-0.554,218
Westchester Sq-East Tremont Av (6),Bx,6912,6635,6479,6097,6113,2770,"-3,342",-0.547,231
Whitlock Av (6),Bx,1737,1830,1905,1894,1907,977,-930,-0.488,398
Woodlawn (4),Bx,7637,7623,7260,6937,6680,3031,"-3,648",-0.546,216
Zerega Av (6),Bx,1647,2629,2664,2629,2676,1188,"-1,489",-0.556,381
"15 St-Prospect Park (F,G)",B,6385,6342,6272,6136,6324,2133,"-4,190",-0.663,295
18 Av (D),B,6242,6413,6196,6136,6218,2703,"-3,515",-0.565,237
18 Av (F),B,4458,4440,4318,3947,3667,1750,"-1,917",-0.523,327
18 Av (N),B,5502,2266,3107,3097,3681,2089,"-1,593",-0.433,297
20 Av (D),B,5115,5268,5009,4905,5037,2216,"-2,821",-0.56,287
20 Av (N),B,4223,1348,2139,3514,3692,1551,"-2,142",-0.58,346
25 Av (D),B,4886,6507,5790,5083,4877,1940,"-2,937",-0.602,311
25 St (R),B,3847,3788,4547,3755,3738,1618,"-2,120",-0.567,340
"36 St (D,N,R)",B,12810,13180,13894,13493,13342,6008,"-7,334",-0.55,88
"4 Av (F,G)/9 St (R)",B,13126,13116,13962,12560,12563,4785,"-7,778",-0.619,125
45 St (R),B,7265,7055,7877,7205,7755,3371,"-4,384",-0.565,190
50 St (D),B,3220,3336,3236,3195,3246,1722,"-1,524",-0.469,331
53 St (R),B,7458,7386,3788,7565,8812,4286,"-4,526",-0.514,147
55 St (D),B,2002,2223,2106,2185,2141,1095,"-1,046",-0.488,391
"59 St (N,R)",B,13048,13144,16759,12301,11240,5158,"-6,082",-0.541,116
"7 Av (B,Q)",B,9641,9731,10270,10210,10209,3282,"-6,927",-0.679,197
"7 Av (F,G)",B,12049,11897,11801,11636,11880,4224,"-7,656",-0.644,152
71 St (D),B,4802,6501,5905,5607,5499,2280,"-3,219",-0.585,278
77 St (R),B,5608,5720,6746,5612,5595,2265,"-3,330",-0.595,282
79 St (D),B,6755,6973,6565,6177,6225,2605,"-3,620",-0.582,247
8 Av (N),B,11430,14201,12514,11474,11608,4296,"-7,312",-0.63,146
86 St (N),B,2718,1298,1534,1928,2224,1095,"-1,130",-0.508,392
86 St (R),B,11963,12078,11742,11338,11233,4890,"-6,343",-0.565,121
9 Av (D),B,5856,5867,5471,5344,5406,2522,"-2,884",-0.533,255
Alabama Av (J),B,2520,2585,2424,2147,2089,1068,"-1,020",-0.489,394
Atlantic Av (L),B,1384,1455,1821,1842,1593,772,-821,-0.515,408
"Atlantic Av-Barclays Ctr (B,D,N,Q,R,2,3,4,5)",B,42231,42711,42095,43211,43498,16599,"-26,899",-0.618,16
Avenue H (Q),B,2994,3183,3329,3418,3354,1282,"-2,072",-0.618,375
Avenue I (F),B,2235,1962,1111,1096,1988,922,"-1,065",-0.536,403
Avenue J (Q),B,6009,6136,6154,6058,5826,2565,"-3,261",-0.56,251
Avenue M (Q),B,5869,6052,6094,6001,5678,2503,"-3,176",-0.559,258
Avenue N (F),B,3410,3187,2217,2087,2961,1389,"-1,573",-0.531,365
Avenue P (F),B,2804,2688,1821,1710,2463,1165,"-1,298",-0.527,385
Avenue U (F),B,2439,2578,1276,1042,1838,863,-975,-0.531,405
Avenue U (N),B,3894,1399,2285,2627,3156,1530,"-1,627",-0.515,348
Avenue U (Q),B,6975,7384,7391,7323,7262,3077,"-4,185",-0.576,212
Avenue X (F),B,1928,2424,2508,2662,2530,1173,"-1,356",-0.536,383
Bay 50 St (D),B,2872,3176,2926,2674,2662,1117,"-1,546",-0.581,388
Bay Pkwy (D),B,7501,8069,7837,7719,7723,3419,"-4,304",-0.557,185
Bay Pkwy (F),B,1491,1329,729,623,1193,576,-617,-0.517,414
Bay Pkwy (N),B,7164,10955,9328,7261,6565,2881,"-3,684",-0.561,225
Bay Ridge Av (R),B,8379,8415,4173,7236,7677,3243,"-4,434",-0.578,203
Bay Ridge-95 St (R),B,6101,6090,5969,5812,5847,2418,"-3,429",-0.586,266
Bedford Av (L),B,27132,27486,27783,26603,25158,8679,"-16,478",-0.655,52
Bedford-Nostrand Avs (G),B,8197,8487,8741,8821,8866,3289,"-5,577",-0.629,195
"Bergen St (2,3)",B,3823,3884,3853,3653,3857,1326,"-2,531",-0.656,369
"Bergen St (F,G)",B,11548,11529,11306,11174,11310,3865,"-7,444",-0.658,173
Beverley Rd (Q),B,2894,3059,3267,3350,3410,1435,"-1,975",-0.579,360
"Beverly Rd (2,5)",B,4457,4464,4384,4255,4277,1947,"-2,330",-0.545,310
"Brighton Beach (B,Q)",B,12794,13035,12587,12065,11841,5192,"-6,648",-0.561,113
Broadway (G),B,4011,4340,4452,4467,4639,2210,"-2,428",-0.524,288
"Broadway Junction (A,C,J,L,Z)",B,9251,9189,8681,8142,7813,3787,"-4,026",-0.515,176
Bushwick Av-Aberdeen St (L),B,1874,2105,2112,2079,2015,948,"-1,067",-0.53,401
Canarsie-Rockaway Pkwy (L),B,13481,13131,12661,11947,11060,4376,"-6,685",-0.604,143
"Carroll St (F,G)",B,11923,11848,11723,11562,11814,4068,"-7,746",-0.656,159
Central Av (M),B,3715,3884,1929,2393,4473,1813,"-2,659",-0.595,321
"Chauncey St (J,Z)",B,3200,3360,3408,3387,3246,1436,"-1,810",-0.558,359
"Church Av (2,5)",B,9864,9808,9512,9193,9556,4270,"-5,286",-0.553,150
"Church Av (B,Q)",B,17811,17482,17186,16528,16251,7029,"-9,222",-0.567,70
"Church Av (F,G)",B,10490,10151,9697,9492,9395,4145,"-5,250",-0.559,156
"Clark St (2,3)",B,5922,5903,5635,5275,5590,1741,"-3,849",-0.689,329
Classon Av (G),B,4966,4996,5106,5301,5453,2070,"-3,383",-0.62,299
Cleveland St (J),B,3514,3483,3270,2975,2935,1381,"-1,555",-0.53,366
Clinton-Washington Avs (C),B,6603,6932,7130,7068,7139,2341,"-4,798",-0.672,274
Clinton-Washington Avs (G),B,5364,5312,5083,5025,5208,1810,"-3,398",-0.652,322
"Coney Island-Stillwell Av (D,F,N,Q)",B,14073,14098,13542,13203,12819,5496,"-7,323",-0.571,104
Cortelyou Rd (Q),B,6220,6332,6348,6276,6319,2624,"-3,695",-0.585,245
"Court St (R)/Borough Hall (2,3,4,5)",B,38559,38089,36762,35599,34939,11425,"-23,515",-0.673,31
"Crescent St (J,Z)",B,5073,5053,4842,4539,4463,2138,"-2,325",-0.521,294
"Crown Heights-Utica Av (3,4)",B,28146,29069,28980,25336,25331,11675,"-13,656",-0.539,29
Cypress Hills (J),B,1456,1501,1501,1457,1474,715,-759,-0.515,409
"DeKalb Av (B,Q,R)",B,17889,18774,21230,22069,22000,7782,"-14,218",-0.646,63
DeKalb Av (L),B,12158,12307,13050,12638,11214,5017,"-6,197",-0.553,120
Ditmas Av (F),B,3386,3524,3849,3904,3947,1900,"-2,047",-0.519,314
East 105 St (L),B,4002,4070,3999,3798,3367,1605,"-1,762",-0.523,341
"Eastern Pkwy-Brooklyn Museum (2,3)",B,4915,4719,4592,4637,4036,1292,"-2,744",-0.68,373
"Euclid Av (A,C)",B,11014,10870,10751,10191,10119,4771,"-5,347",-0.528,126
"Flatbush Av-Brooklyn College (2,5)",B,21666,21268,20691,19763,19572,7894,"-11,679",-0.597,60
Flushing Av (G),B,2819,2857,2866,2949,2466,1330,"-1,136",-0.461,368
"Flushing Av (J,M)",B,9483,9347,8952,8336,8623,3939,"-4,685",-0.543,165
Fort Hamilton Pkwy (D),B,4260,4420,4162,3936,3983,2008,"-1,975",-0.496,305
"Fort Hamilton Pkwy (F,G)",B,5783,6044,5893,5807,5877,2015,"-3,862",-0.657,304
Fort Hamilton Pkwy (N),B,6964,1771,3196,3232,4468,2469,"-1,999",-0.447,262
"Franklin Av (2,3,4,5)/Botanic Garden (S)",B,15866,15834,15269,14581,15412,5743,"-9,668",-0.627,96
"Franklin Av (C,S)",B,6468,6289,6333,6358,6234,2391,"-3,844",-0.616,268
Fulton St (G),B,4954,5096,5364,5462,5416,2235,"-3,181",-0.587,284
"Gates Av (J,Z)",B,6521,6602,7110,7255,7095,2951,"-4,144",-0.584,221
Graham Av (L),B,10504,10483,10536,9959,9346,3434,"-5,913",-0.633,183
"Grand Army Plaza (2,3)",B,7731,7735,7452,7188,7349,2504,"-4,844",-0.659,257
Grand St (L),B,7307,6977,7317,6964,6409,2708,"-3,701",-0.577,236
Grant Av (A),B,6696,7044,6318,5896,5710,2586,"-3,124",-0.547,249
Greenpoint Av (G),B,9191,9413,9648,9509,10006,4113,"-5,893",-0.589,157
Halsey St (J),B,6410,6490,6616,6579,6522,2645,"-3,877",-0.594,243
Halsey St (L),B,7932,8426,8781,8386,7391,3279,"-4,112",-0.556,198
"Hewes St (J,M)",B,2992,2866,2861,2782,3281,1401,"-1,880",-0.573,364
"High St (A,C)",B,8479,8701,9215,10281,10776,3136,"-7,640",-0.709,208
"Hoyt St (2,3)",B,7342,7615,7637,6938,7467,2765,"-4,702",-0.63,232
"Hoyt-Schermerhorn Sts (A,C,G)",B,9818,9894,10319,10540,11238,4401,"-6,837",-0.608,140
"Jay St-MetroTech (A,C,F,R)",B,43456,44267,43833,42274,41455,13385,"-28,070",-0.677,23
Jefferson St (L),B,7565,7639,7807,7674,7221,2879,"-4,341",-0.601,226
Junius St (3),B,3043,2230,970,2080,2216,1093,"-1,123",-0.507,393
"Kings Hwy (B,Q)",B,19500,20094,19975,19569,19745,8454,"-11,291",-0.572,55
Kings Hwy (F),B,3726,4637,5186,4567,3724,1708,"-2,015",-0.541,334
Kings Hwy (N),B,5482,1489,2891,3328,4363,2115,"-2,248",-0.515,296
Kingston Av (3),B,4999,4977,4703,4623,4697,1958,"-2,739",-0.583,309
Kingston-Throop Avs (C),B,6210,6350,6564,6585,6643,2473,"-4,169",-0.628,260
Knickerbocker Av (M),B,4104,4228,2077,2446,4522,1978,"-2,544",-0.563,308
Kosciuszko St (J),B,4927,5118,6143,6144,5562,2220,"-3,343",-0.601,286
Lafayette Av (C),B,4849,4888,4843,4889,4928,1860,"-3,068",-0.623,319
Liberty Av (C),B,2780,3020,2933,2754,2749,1238,"-1,511",-0.55,378
Livonia Av (L),B,3269,3418,3264,3209,2831,1467,"-1,364",-0.482,353
"Lorimer St (J,M)",B,5070,5138,5161,4837,5216,2170,"-3,046",-0.584,292
Lorimer St (L)/Metropolitan Av (G),B,15131,15082,14752,14299,13985,5150,"-8,836",-0.632,117
"Marcy Av (J,M,Z)",B,13276,13815,13377,13315,14255,5628,"-8,627",-0.605,99
Montrose Av (L),B,7025,7007,7021,6884,6515,2661,"-3,854",-0.592,240
Morgan Av (L),B,7221,7592,7769,7510,6944,2732,"-4,213",-0.607,235
"Myrtle Av (J,M,Z)",B,11424,11801,13222,12122,11970,4821,"-7,149",-0.597,124
Myrtle-Willoughby Avs (G),B,5783,5889,5743,5736,5919,2473,"-3,446",-0.582,261
"Myrtle-Wyckoff Avs (L,M)",B,19490,19673,22434,21241,18735,8404,"-10,331",-0.551,56
Nassau Av (G),B,9066,9150,9105,9312,9841,3691,"-6,150",-0.625,178
Neck Rd (Q),B,4207,4354,4441,4405,4401,1834,"-2,568",-0.583,320
Neptune Av (F),B,1807,1742,1658,1516,1456,652,-804,-0.552,413
"Nevins St (2,3,4,5)",B,10896,10716,10699,10426,10205,3824,"-6,381",-0.625,174
New Lots Av (3),B,7133,6855,6087,5573,5454,2554,"-2,900",-0.532,252
New Lots Av (L),B,5244,5431,5290,4869,4168,2020,"-2,148",-0.515,303
New Utrecht Av (N)/62 St (D),B,5551,5602,5217,4673,4736,2264,"-2,472",-0.522,283
"Newkirk Av (2,5)",B,8035,7840,7600,7312,7182,3286,"-3,896",-0.543,196
"Newkirk Plaza (B,Q)",B,10864,10842,10728,10534,10514,4380,"-6,134",-0.583,142
"Norwood Av (J,Z)",B,3639,3613,3437,3190,3156,1447,"-1,709",-0.541,356
Nostrand Av (3),B,4306,4239,4066,3907,4195,1568,"-2,627",-0.626,343
"Nostrand Av (A,C)",B,17790,18231,18035,17437,17352,6687,"-10,665",-0.615,77
Ocean Pkwy (Q),B,3203,3211,3251,3199,3242,1434,"-1,808",-0.558,361
Park Pl (S),B,1922,1850,1818,1725,1676,682,-994,-0.593,411
Parkside Av (Q),B,5266,5524,5898,6050,6173,2652,"-3,521",-0.57,242
Pennsylvania Av (3),B,6997,2485,3503,4331,4493,2087,"-2,406",-0.535,298
"President St (2,5)",B,4120,4114,4113,4019,3558,1444,"-2,114",-0.594,357
Prospect Av (R),B,5896,5842,3199,5523,5967,2222,"-3,746",-0.628,285
"Prospect Park (B,Q,S)",B,10033,9995,10234,10059,10152,3902,"-6,251",-0.616,170
Ralph Av (C),B,5796,5801,5936,5768,5730,2525,"-3,205",-0.559,254
Rockaway Av (3),B,1690,5122,5642,4747,4780,2294,"-2,486",-0.52,276
Rockaway Av (C),B,5443,5678,5715,5667,5653,2434,"-3,219",-0.569,265
Saratoga Av (3),B,8148,4006,5777,5246,5238,2547,"-2,691",-0.514,253
"Sheepshead Bay (B,Q)",B,14304,14477,14311,13946,13908,5830,"-8,078",-0.581,94
Shepherd Av (C),B,3370,3393,3337,3182,3153,1436,"-1,716",-0.544,358
"Smith-9 Sts (F,G)",B,5084,4861,4714,4689,4553,1921,"-2,632",-0.578,312
"Sterling St (2,5)",B,5802,5806,5795,5684,5468,2371,"-3,097",-0.566,272
Sutter Av (L),B,4727,4688,4471,4029,3446,1583,"-1,863",-0.541,342
Sutter Av-Rutland Rd (3),B,8031,6785,3449,6657,6724,3178,"-3,546",-0.527,206
Union St (R),B,6599,6512,6395,6835,7375,2582,"-4,793",-0.65,250
"Utica Av (A,C)",B,15674,16060,16408,16121,15957,6473,"-9,484",-0.594,81
Van Siclen Av (3),B,989,4194,3660,2904,2833,1314,"-1,519",-0.536,371
Van Siclen Av (C),B,3202,3224,3259,3021,2920,1378,"-1,542",-0.528,367
"Van Siclen Av (J,Z)",B,3004,3067,2900,2678,2614,1315,"-1,299",-0.497,370
"West 8 St-New York Aquarium (F,Q)",B,2397,2421,2404,2469,2471,1013,"-1,458",-0.59,395
Wilson Av (L),B,4437,3812,4564,4468,4292,1868,"-2,424",-0.565,317
"Winthrop St (2,5)",B,7541,7272,7317,7262,6499,3244,"-3,255",-0.501,202
York St (F),B,9328,10246,10373,11032,12638,4055,"-8,583",-0.679,160
1 Av (L),M,23789,23195,21823,20998,18393,6992,"-11,401",-0.62,74
103 St (1),M,13309,13246,12818,12569,12005,4488,"-7,517",-0.626,138
103 St (6),M,13057,13994,14337,13285,13218,5955,"-7,263",-0.549,91
"103 St (B,C)",M,4800,4776,4674,5444,4724,1805,"-2,919",-0.618,323
110 St (6),M,13409,13341,11932,10851,10580,4647,"-5,933",-0.561,130
"116 St (2,3)",M,12196,12090,11553,10707,10592,4246,"-6,345",-0.599,151
116 St (6),M,16702,16707,15899,14715,14394,6366,"-8,028",-0.558,84
"116 St (B,C)",M,7215,7417,7232,7613,7249,2822,"-4,427",-0.611,228
116 St-Columbia University (1),M,16132,15861,15263,15079,14777,4277,"-10,500",-0.711,149
125 St (1),M,7991,7794,7584,7679,7599,2973,"-4,626",-0.609,219
"125 St (2,3)",M,15986,15719,15692,14746,14703,5644,"-9,059",-0.616,98
"125 St (4,5,6)",M,30277,30024,29065,27605,27231,11469,"-15,763",-0.579,30
"125 St (A,B,C,D)",M,29062,29423,28680,27677,28267,11888,"-16,379",-0.579,28
"135 St (2,3)",M,15598,15446,15023,14343,13799,5856,"-7,943",-0.576,93
"135 St (B,C)",M,5575,5785,5770,5490,5657,2173,"-3,483",-0.616,290
137 St-City College (1),M,14798,14460,14049,13371,12464,5073,"-7,391",-0.593,119
"14 St (A,C,E)/8 Av (L)",M,45253,44680,43434,44031,44370,13887,"-30,483",-0.687,21
"14 St (F,M,1,2,3)/6 Av (L)",M,50335,50692,48565,48508,46363,15417,"-30,946",-0.667,18
"14 St-Union Sq (L,N,Q,R,W,4,5,6)",M,108440,106718,107141,103572,101832,33624,"-68,207",-0.67,4
145 St (1),M,10112,10039,9863,9433,9219,3981,"-5,238",-0.568,163
145 St (3),M,3664,3590,3540,2105,3193,1428,"-1,764",-0.553,362
"145 St (A,B,C,D)",M,24307,24604,23932,23047,22937,9415,"-13,522",-0.59,45
"155 St (B,D)",M,4038,4052,3804,3595,3556,1711,"-1,845",-0.519,333
155 St (C),M,2596,2733,2715,3168,2732,1119,"-1,612",-0.59,387
157 St (1),M,10918,10928,10802,11036,12042,4515,"-7,527",-0.625,136
163 St-Amsterdam Av (C),M,4340,4513,4436,1711,4289,1898,"-2,391",-0.557,315
"168 St (A,C,1)",M,25845,25879,25589,26138,20079,10386,"-9,693",-0.483,35
175 St (A),M,13224,13377,13217,12580,13144,5203,"-7,941",-0.604,111
18 St (1),M,8800,8903,8680,8860,8843,2615,"-6,228",-0.704,246
181 St (1),M,11850,11578,11693,11342,11311,5469,"-5,842",-0.516,105
181 St (A),M,11237,11294,10981,10760,10542,4216,"-6,326",-0.6,153
190 St (A),M,4683,4748,4719,4574,4805,1751,"-3,054",-0.636,326
191 St (1),M,8619,8545,8419,8032,7525,1463,"-6,062",-0.806,354
2 Av (F),M,17355,17059,16675,15995,16703,5524,"-11,179",-0.669,102
207 St (1),M,6514,6562,6524,6349,5890,2811,"-3,079",-0.523,229
215 St (1),M,2012,2001,1988,1787,1718,681,"-1,037",-0.604,412
23 St (1),M,15451,15062,14763,15470,14824,4861,"-9,963",-0.672,122
23 St (6),M,29972,29452,28479,31597,30031,9104,"-20,927",-0.697,49
"23 St (C,E)",M,25731,24569,24161,24397,23890,7820,"-16,070",-0.673,62
"23 St (F,M)",M,30652,31078,30758,18416,28776,9987,"-18,789",-0.653,44
"23 St (R,W)",M,25973,26693,25007,26381,23398,6557,"-16,841",-0.72,79
28 St (1),M,15620,15253,14740,14797,15083,4520,"-10,563",-0.7,135
28 St (6),M,24470,24130,23081,12019,19766,7449,"-12,317",-0.623,67
"28 St (R,W)",M,13271,13680,13256,14302,13144,3877,"-9,267",-0.705,171
3 Av (L),M,7140,7179,6934,6749,5725,2387,"-3,338",-0.583,269
33 St (6),M,32809,32153,30040,32608,30368,10326,"-20,042",-0.66,36
"34 St-Herald Sq (B,D,F,M,N,Q,R,W)",M,126776,125682,127664,126576,125498,40615,"-84,884",-0.676,3
34 St-Hudson Yards (7),M,2064,8507,10082,10789,18875,6590,"-12,285",-0.651,78
"34 St-Penn Station (1,2,3)",M,92176,90524,85585,85180,84975,25861,"-59,114",-0.696,7
"34 St-Penn Station (A,C,E)",M,84778,82584,78904,80346,82855,26148,"-56,707",-0.684,6
"42 St-Bryant Pk (B,D,F,M)/5 Av (7)",M,55400,57793,57395,55872,58339,18077,"-40,261",-0.69,15
"47-50 Sts-Rockefeller Center (B,D,F,M)",M,63803,62283,61478,61027,63609,19902,"-43,707",-0.687,13
"49 St (N,R,W)",M,25459,27077,26519,25911,23854,6287,"-17,567",-0.736,87
"5 Av-53 St (E,M)",M,26955,26566,25746,27612,27934,7693,"-20,242",-0.725,65
"5 Av-59 St (N,R,W)",M,18957,18637,16871,16638,15854,5229,"-10,625",-0.67,110
50 St (1),M,26927,26362,25932,26268,26712,7018,"-19,694",-0.737,73
"50 St (C,E)",M,20828,20921,20502,19757,21223,6370,"-14,853",-0.7,83
57 St (F),M,15725,15768,15154,7638,14254,4585,"-9,668",-0.678,132
"57 St-7 Av (N,Q,R,W)",M,29976,30311,35390,37870,35078,10983,"-24,095",-0.687,33
"59 St-Columbus Circle (A,B,C,D,1)",M,73954,73836,73105,73003,72959,23848,"-49,111",-0.673,8
66 St-Lincoln Center (1),M,24631,24064,22918,22890,22949,6800,"-16,150",-0.704,76
68 St-Hunter College (6),M,35640,35068,24456,22757,23430,8641,"-14,788",-0.631,53
"7 Av (B,D,E)",M,17356,17538,17334,17947,18475,5195,"-13,280",-0.719,112
"72 St (1,2,3)",M,40506,40450,38957,39477,38061,13667,"-24,394",-0.641,22
"72 St (B,C)",M,9443,9448,8803,4472,8651,2925,"-5,726",-0.662,223
72 St (Q),M,,,28145,30253,31585,12496,"-19,088",-0.604,26
77 St (6),M,36797,36103,27584,25369,25996,10574,"-15,422",-0.593,34
79 St (1),M,16865,16372,15698,15175,14918,5183,"-9,735",-0.653,114
"8 St-New York University (R,W)",M,17902,18305,16994,17192,16870,4703,"-12,168",-0.721,128
"81 St-Museum of Natural History (B,C)",M,14129,14140,13313,15383,13420,3873,"-9,547",-0.711,172
86 St (1),M,20145,19757,18882,19325,18221,6520,"-11,701",-0.642,80
"86 St (4,5,6)",M,65948,64793,45882,43169,43282,16528,"-26,755",-0.618,17
"86 St (B,C)",M,11594,11809,10681,6007,10652,3910,"-6,742",-0.633,169
86 St (Q),M,,,23722,25455,26307,9083,"-17,224",-0.655,50
"96 St (1,2,3)",M,39434,38859,37043,36026,35617,13247,"-22,370",-0.628,25
96 St (6),M,28060,26939,18983,17447,17432,7437,"-9,996",-0.573,68
"96 St (B,C)",M,10365,10425,9733,9924,10059,3938,"-6,121",-0.608,166
96 St (Q),M,,,17150,19318,19704,7525,"-12,179",-0.618,66
Astor Place (6),M,17274,16806,16377,16031,17180,5161,"-12,019",-0.7,115
"Bowery (J,Z)",M,3325,3504,3715,3738,3842,1284,"-2,558",-0.666,374
"Bowling Green (4,5)",M,31556,31522,29395,28646,28664,8623,"-20,041",-0.699,54
"Broad St (J,Z)",M,6865,7279,7130,7050,7710,2453,"-5,257",-0.682,263
"Broadway-Lafayette St (B,D,F,M)/Bleecker St (6)",M,39724,39058,37986,36493,38527,12349,"-26,179",-0.679,27
"Brooklyn Bridge-City Hall (4,5,6)/Chambers St (J,Z)",M,35858,34352,31804,30932,30961,9217,"-21,744",-0.702,47
Canal St (1),M,6275,6116,5996,6410,6830,1866,"-4,965",-0.727,318
"Canal St (A,C,E)",M,20103,19660,19789,20424,21206,6407,"-14,799",-0.698,82
"Canal St (J,N,Q,R,W,Z,6)",M,44409,45030,47601,47034,47629,14626,"-33,003",-0.693,19
Cathedral Pkwy-110 St (1),M,13444,12926,12394,12526,11826,4380,"-7,445",-0.63,141
"Cathedral Pkwy-110 St (B,C)",M,7490,7553,7523,3785,7382,2919,"-4,463",-0.605,224
"Central Park North-110 St (2,3)",M,9865,9855,9233,8815,8470,3257,"-5,214",-0.616,201
"Chambers St (1,2,3)",M,23997,23574,22419,21303,20613,5990,"-14,622",-0.709,90
"Chambers St (A,C)/WTC (E)/Park Pl (2,3)/Cortlandt (R,W)",M,66165,67906,70356,72396,71970,20193,"-51,778",-0.719,12
Christopher St-Sheridan Sq (1),M,9898,9792,9570,9675,10089,3067,"-7,021",-0.696,213
"City Hall (R,W)",M,6310,6766,7731,6657,6050,1874,"-4,176",-0.69,316
"Delancey St (F)/Essex St (J,M,Z)",M,24902,25625,24993,24562,26685,10038,"-16,647",-0.624,42
Dyckman St (1),M,7233,7297,7231,7002,6624,3326,"-3,298",-0.498,192
Dyckman St (A),M,6831,6874,6739,6477,6874,2854,"-4,020",-0.585,227
East Broadway (F),M,14228,14654,14365,13868,13995,5146,"-8,849",-0.632,118
Franklin St (1),M,5825,5984,5809,5943,5370,1676,"-3,694",-0.688,335
"Fulton St (A,C,J,Z,2,3,4,5)",M,74676,85440,91771,92990,94607,29602,"-65,005",-0.687,5
"Grand Central-42 St (S,4,5,6,7)",M,160294,158580,154711,155345,157273,44778,"-112,495",-0.715,2
"Grand St (B,D)",M,24281,24649,24460,23422,24323,8742,"-15,581",-0.641,51
Harlem-148 St (3),M,4096,4017,3899,4074,3707,1528,"-2,179",-0.588,349
Houston St (1),M,15286,15333,15283,15698,15685,4702,"-10,983",-0.7,129
Inwood-207 St (A),M,9317,9350,9217,8793,9615,3796,"-5,819",-0.605,175
"Lexington Av (N,R,W)/59 St (4,5,6)",M,68988,67684,58467,55608,54907,20228,"-34,679",-0.632,11
"Lexington Av-53 St (E,M)/51 St (6)",M,70686,69750,66118,64499,66260,19883,"-46,377",-0.7,14
"Lexington Av-63 St (F,Q)",M,16098,16988,20893,21394,21574,7968,"-13,606",-0.631,59
Marble Hill-225 St (1),M,5732,5636,5473,5433,5075,2401,"-2,674",-0.527,267
"Prince St (R,W)",M,15597,15424,14400,14408,12827,3501,"-9,326",-0.727,180
Rector St (1),M,10625,9788,9453,9005,8471,2311,"-6,160",-0.727,275
"Rector St (R,W)",M,6157,6524,7092,7185,6926,2036,"-4,890",-0.706,302
Roosevelt Island (F),M,6197,6630,7354,7153,7489,2771,"-4,717",-0.63,230
"South Ferry (1)/Whitehall St (R,W)",M,28809,29534,33019,33797,34033,9996,"-24,037",-0.706,43
Spring St (6),M,11543,11390,11019,10822,11230,3317,"-7,913",-0.705,194
"Spring St (C,E)",M,12914,12775,12360,13054,14756,4495,"-10,261",-0.695,137
"Times Sq-42 St (N,Q,R,W,S,1,2,3,7)/42 St (A,C,E)",M,206247,202363,203545,204017,205159,64301,"-140,858",-0.687,1
"Wall St (2,3)",M,27242,27291,26022,23968,24618,6950,"-17,667",-0.718,75
"Wall St (4,5)",M,23595,22211,20420,19745,19994,6000,"-13,995",-0.7,89
"West 4 St-Washington Sq (A,B,C,D,E,F,M)",M,42760,42755,41835,40666,41938,13278,"-28,660",-0.683,24
WTC Cortlandt (1),M,0,0,0,3558,13871,3687,"-10,185",-0.734,179
103 St-Corona Plaza (7),Q,20044,20282,20101,19682,19943,10299,"-9,644",-0.484,37
104 St (A),Q,1890,2189,1900,1841,1823,817,"-1,006",-0.552,407
"104 St (J,Z)",Q,2710,2758,1727,1587,2727,1178,"-1,549",-0.568,382
111 St (7),Q,11198,11421,11384,11091,11280,5857,"-5,423",-0.481,92
111 St (A),Q,2727,1947,2571,2596,2620,1152,"-1,468",-0.56,386
111 St (J),Q,2627,2607,3235,2819,1169,968,-201,-0.172,399
"121 St (J,Z)",Q,2462,2500,1135,1354,2341,1005,"-1,336",-0.571,396
169 St (F),Q,9138,9016,8671,8109,8004,3396,"-4,609",-0.576,187
21 St (G),Q,1564,1735,1863,1757,1675,711,-964,-0.576,410
21 St-Queensbridge (F),Q,9447,9779,10209,10840,11184,4372,"-6,812",-0.609,144
"30 Av (N,W)",Q,14771,14739,11381,8286,17906,5579,"-12,327",-0.688,100
33 St-Rawson St (7),Q,13604,13302,12429,11029,10574,3433,"-7,140",-0.675,184
"36 Av (N,W)",Q,7447,7347,5525,5073,6602,2672,"-3,930",-0.595,238
"36 St (M,R)",Q,4733,4776,4786,5177,4725,1619,"-3,106",-0.657,339
"39 Av-Dutch Kills (N,W)",Q,3391,3207,3267,2356,2555,1230,"-1,325",-0.518,379
40 St-Lowery St (7),Q,11053,11089,10624,9954,10028,3960,"-6,069",-0.605,164
"46 St (M,R)",Q,9439,9362,9049,8752,8556,3376,"-5,180",-0.605,189
46 St-Bliss St (7),Q,14413,14335,13614,12828,12702,5521,"-7,181",-0.565,103
52 St (7),Q,6888,6795,6495,6001,6079,2661,"-3,418",-0.562,241
"63 Dr-Rego Park (M,R)",Q,16770,16868,16323,15574,15567,6330,"-9,237",-0.593,86
"65 St (M,R)",Q,3762,3747,3621,3601,3554,1480,"-2,074",-0.583,351
"67 Av (M,R)",Q,9548,9479,9181,8774,8881,3380,"-5,501",-0.619,188
69 St (7),Q,4988,5072,4973,4679,4818,2267,"-2,552",-0.53,281
"74-Broadway (7)/Jackson Hts-Roosevelt Av (E,F,M,R)",Q,51925,52296,52018,51766,52159,22913,"-29,246",-0.561,9
"75 Av (E,F)",Q,3756,3710,3365,3455,3549,1308,"-2,241",-0.632,372
"75 St-Elderts Ln (J,Z)",Q,3837,3837,3641,3464,3573,1661,"-1,911",-0.535,337
80 St (A),Q,4445,3574,4416,4316,4274,1801,"-2,473",-0.579,324
82 St-Jackson Hts (7),Q,15711,15765,15393,14626,15056,7028,"-8,028",-0.533,71
85 St-Forest Pkwy (J),Q,3947,3968,3923,3699,3669,1747,"-1,922",-0.524,328
88 St (A),Q,3464,3221,2965,2835,2860,1274,"-1,586",-0.554,376
90 St-Elmhurst Av (7),Q,16814,16957,16848,16253,16365,8217,"-8,148",-0.498,58
Aqueduct Racetrack (A),Q,1711,1739,1672,1901,1594,448,"-1,146",-0.719,417
Aqueduct-North Conduit Av (A),Q,1181,1125,1031,921,893,359,-533,-0.597,418
"Astoria Blvd (N,W)",Q,12344,12358,13103,14425,2410,3324,914,0.379,193
"Astoria-Ditmars Blvd (N,W)",Q,17181,17345,16686,15663,17912,6363,"-11,549",-0.645,85
"Beach 105 St (A,S)",Q,305,289,278,261,243,103,-141,-0.578,424
Beach 25 St (A),Q,1861,1968,1925,1792,1720,832,-888,-0.516,406
Beach 36 St (A),Q,936,975,962,887,951,472,-479,-0.503,416
Beach 44 St (A),Q,624,676,690,693,699,347,-352,-0.503,420
Beach 60 St (A),Q,2501,2507,2319,2013,2008,980,"-1,029",-0.512,397
Beach 67 St-Arverne By The Sea (A),Q,2407,2493,2440,2103,2252,1116,"-1,136",-0.504,389
"Beach 90 St (A,S)",Q,946,939,1110,1097,946,358,-588,-0.622,419
"Beach 98 St (A,S)",Q,608,579,531,481,478,189,-288,-0.604,422
"Briarwood-Van Wyck Blvd (E,F)",Q,4876,5057,5061,4913,4970,2054,"-2,916",-0.587,300
"Broad Channel (A,S)",Q,310,313,302,285,313,121,-192,-0.614,423
"Broadway (N,W)",Q,13236,12957,13242,8473,10195,4530,"-5,665",-0.556,134
"Court Sq (E,G,M,7)",Q,22717,23317,23672,23995,23600,7877,"-15,723",-0.666,61
"Elmhurst Av (M,R)",Q,13588,13508,12967,12463,12362,5460,"-6,901",-0.558,106
Far Rockaway-Mott Av (A),Q,4989,5009,4738,4435,4388,2280,"-2,109",-0.48,279
Flushing-Main St (7),Q,60226,60259,58511,55669,56503,22786,"-33,716",-0.597,10
Forest Av (M),Q,4386,4429,2819,3124,4235,1980,"-2,255",-0.532,307
"Forest Hills-71 Av (E,F,M,R)",Q,28209,28135,27760,26613,26477,10122,"-16,356",-0.618,40
Fresh Pond Rd (M),Q,6002,6130,4223,4716,5882,2753,"-3,128",-0.532,234
"Grand Av-Newtown (M,R)",Q,18955,19373,18754,18489,18531,7715,"-10,816",-0.584,64
Howard Beach-JFK Airport (A),Q,3059,3011,3292,3376,3483,956,"-2,527",-0.725,400
Hunters Point Av (7),Q,6803,7292,7283,7205,7039,2596,"-4,442",-0.631,248
"Jamaica Center-Parsons-Archer (E,J,Z)",Q,42115,41603,39326,36368,34419,14183,"-20,236",-0.588,20
Jamaica-179 St (F),Q,23417,23121,22421,21452,21353,9202,"-12,152",-0.569,48
Jamaica-Van Wyck (E),Q,5092,5022,4972,4717,4561,2663,"-1,899",-0.416,239
Junction Blvd (7),Q,21557,22051,21751,21100,21149,11044,"-10,105",-0.478,32
"Kew Gardens-Union Turnpike (E,F)",Q,27558,27085,26493,25536,25235,10123,"-15,112",-0.599,39
Mets-Willets Point (7),Q,5244,5367,5028,4606,4973,922,"-4,051",-0.815,402
Middle Village-Metropolitan Av (M),Q,4489,4530,3064,3225,3726,1713,"-2,013",-0.54,332
"Northern Blvd (M,R)",Q,7428,7413,7107,6904,6682,2956,"-3,726",-0.558,220
Ozone Park-Lefferts Blvd (A),Q,7732,8023,7722,7591,7434,3397,"-4,037",-0.543,186
Parsons Blvd (F),Q,6640,6644,6593,6462,6654,3498,"-3,156",-0.474,181
"Queens Plaza (E,M,R)",Q,10475,10652,11369,12747,14298,4709,"-9,589",-0.671,127
"Queensboro Plaza (N,W,7)",Q,11786,12936,13502,14517,14533,5435,"-9,098",-0.626,107
Rockaway Blvd (A),Q,5690,7683,7786,7534,7450,3365,"-4,085",-0.548,191
"Rockaway Park-Beach 116 St (A,S)",Q,747,727,683,696,660,319,-341,-0.517,421
Seneca Av (M),Q,2726,2832,1576,1818,3210,1460,"-1,751",-0.545,355
"Steinway St (M,R)",Q,14895,14836,14867,15590,14640,5564,"-9,076",-0.62,101
Sutphin Blvd (F),Q,4851,4652,4496,4291,4328,2277,"-2,051",-0.474,280
"Sutphin Blvd-Archer Av-JFK Airport (E,J,Z)",Q,24349,24796,23843,23388,23891,9357,"-14,533",-0.608,46
Vernon Blvd-Jackson Av (7),Q,14819,15910,15781,15093,15151,5711,"-9,439",-0.623,97
"Woodhaven Blvd (J,Z)",Q,4940,4838,5104,4771,4607,2171,"-2,437",-0.529,291
"Woodhaven Blvd (M,R)",Q,22220,22483,21879,20704,20340,8389,"-11,951",-0.588,57
Woodside-61 St (7),Q,17007,17236,16945,16501,16684,7400,"-9,284",-0.556,69