Date,Subway_Total,Percent_Subway_PrePandemic,Buses_Total,Percent_Buses_PrePandemic,LIRR_Total,Percent_LIRR_PrePandemic,MetroNorth_Total,Percent_MetroNorth_PrePandemic,AccessARide_Total,Percent_AccessARide_PrePandemic,Bridges_Tunnels_Total,Percent_Bridges_Tunnels_PrePandemic
2022-01-27,2717209,0.48,1165181,0.53,119000,0.41,95700,0.37,20934,0.66,869615,1.01
2022-01-26,2714757,0.48,1235204,0.55,118600,0.41,96300,0.37,21033,0.65,833936,0.96
2022-01-25,2706026,0.48,1292250,0.58,124500,0.43,98900,0.38,21233,0.67,817021,0.96
2022-01-24,2541525,0.48,1235718,0.59,127800,0.44,100500,0.38,19472,0.66,791390,0.94
2022-01-23,1246723,0.54,526781,0.53,48700,0.52,43600,0.54,9446,0.51,685007,0.90
2022-01-22,1585089,0.61,654310,0.64,59400,0.53,53700,0.56,10455,0.65,735629,0.99
2022-01-21,2570287,0.48,1149344,0.56,113500,0.38,91100,0.34,19079,0.63,864079,0.93
2022-01-20,2550406,0.47,1180555,0.55,112600,0.39,88200,0.34,18616,0.59,766608,0.86
2022-01-19,2647598,0.49,1285401,0.60,121200,0.42,96300,0.37,21111,0.65,829778,0.96
2022-01-18,2546357,0.48,1221640,0.59,125600,0.44,100400,0.39,19389,0.62,815605,0.94
2022-01-17,1602213,0.50,693892,0.53,98700,0.34,44100,0.17,8760,0.56,649397,0.82
2022-01-16,1166766,0.51,456257,0.48,43600,0.47,38000,0.47,8545,0.50,621361,0.88
2022-01-15,1436125,0.55,573037,0.57,53400,0.47,45300,0.47,9510,0.67,703293,1.09
2022-01-14,2527746,0.47,1186647,0.58,109200,0.36,88600,0.33,18878,0.62,866901,0.91
2022-01-13,2529329,0.46,1218552,0.57,112500,0.39,87700,0.34,19918,0.63,821641,0.91
2022-01-12,2464248,0.45,1179931,0.53,111000,0.39,86000,0.33,19679,0.59,784901,0.89
2022-01-11,2271033,0.42,1040581,0.48,104400,0.36,81400,0.31,17388,0.54,753381,0.88
2022-01-10,2352277,0.45,1147341,0.53,116500,0.40,90200,0.34,18268,0.61,762712,0.90
2022-01-09,1103682,0.48,475438,0.48,43400,0.46,35300,0.44,7916,0.41,567494,0.75
2022-01-08,1487737,0.50,631341,0.49,51700,0.46,46400,0.48,9126,0.50,641533,0.77
2022-01-07,2125569,0.39,880997,0.41,90200,0.30,73100,0.27,14203,0.46,559774,0.61
2022-01-06,2396085,0.44,1146904,0.54,103600,0.36,82600,0.32,18672,0.59,780026,0.88
2022-01-05,2272601,0.42,1078511,0.50,98300,0.34,77600,0.30,18861,0.59,709060,0.83
2022-01-04,2294147,0.42,1082360,0.50,104200,0.36,82000,0.32,17909,0.57,733369,0.87
2022-01-03,2172744,0.41,1000002,0.48,103000,0.35,84000,0.32,16437,0.55,692740,0.83
2022-01-02,1221306,0.54,475096,0.50,49200,0.53,42600,0.53,8383,0.45,624655,0.89
2022-01-01,1029180,0.45,350845,0.46,34000,0.30,30300,0.31,4904,0.58,498515,0.75
2021-12-31,1629859,0.52,699749,0.58,96700,0.32,85200,0.32,11498,0.76,628305,0.74
2021-12-30,2202359,0.51,928012,0.60,110100,0.38,90800,0.35,16177,0.66,804654,0.99
2021-12-29,2171073,0.50,921562,0.60,105900,0.37,92600,0.36,16859,0.69,768653,0.94
2021-12-28,2172791,0.50,953933,0.62,109900,0.38,89700,0.35,16736,0.68,764364,0.94
2021-12-27,2011675,0.47,890096,0.58,108500,0.37,89400,0.34,14952,0.61,744547,0.91
2021-12-26,1286484,0.51,518897,0.55,56500,0.60,51500,0.64,8744,0.49,673477,0.86
2021-12-25,811945,0.47,329549,0.49,39500,0.35,31600,0.33,9021,0.61,582582,0.76
2021-12-24,1577738,0.43,746809,0.49,97400,0.33,81100,0.30,12009,0.54,738612,0.82
2021-12-23,2491489,0.53,1166953,0.64,118400,0.41,97200,0.37,19335,0.72,899513,0.97
2021-12-22,2640159,0.56,1252621,0.68,117700,0.41,92900,0.36,21673,0.80,878197,0.95
2021-12-21,2703097,0.57,1299476,0.71,124400,0.43,97100,0.37,21656,0.80,866595,0.94
2021-12-20,2722430,0.57,1277654,0.70,132100,0.45,102700,0.39,20318,0.75,856849,0.93
2021-12-19,1581503,0.59,636393,0.61,65700,0.70,56300,0.70,12238,0.62,784051,0.94
2021-12-18,1882956,0.59,786073,0.62,74300,0.66,66100,0.69,12312,0.71,832994,0.92
2021-12-17,3118492,0.55,1375383,0.66,146100,0.49,121000,0.45,22539,0.72,968689,0.98
2021-12-16,3226842,0.56,1438193,0.70,152700,0.53,126100,0.48,23623,0.74,948535,0.97
2021-12-15,3249076,0.55,1436154,0.65,153100,0.53,129800,0.50,23732,0.71,921048,0.98
2021-12-14,3281294,0.58,1378221,0.67,154900,0.54,131800,0.51,23043,0.73,894669,1.03
2021-12-13,3127619,0.55,1333718,0.61,153400,0.53,129700,0.49,21617,0.72,874293,0.96
2021-12-12,1831705,0.65,627007,0.60,80900,0.87,66500,0.83,12189,0.62,828121,0.99
2021-12-11,2268556,0.66,786137,0.61,91900,0.81,81100,0.84,13396,0.75,863814,0.98
2021-12-10,3423782,0.58,1404176,0.67,152500,0.51,127700,0.48,22237,0.73,962125,0.98
2021-12-09,3440822,0.57,1436883,0.64,154400,0.54,126200,0.48,22743,0.70,927903,0.95
2021-12-08,3385675,0.57,1430106,0.65,156200,0.55,130200,0.50,22691,0.73,889409,1.01
2021-12-07,3375157,0.57,1453136,0.65,153700,0.53,131000,0.50,23262,0.71,883027,0.97
2021-12-06,3142556,0.56,1394230,0.68,155000,0.53,127300,0.48,21761,0.73,865595,0.99
2021-12-05,1737545,0.65,665129,0.64,72700,0.78,60500,0.75,12541,0.64,818544,0.99
2021-12-04,2318203,0.66,864764,0.66,91500,0.81,81400,0.84,13317,0.72,864918,0.97
2021-12-03,3380539,0.57,1419078,0.65,144500,0.48,119400,0.44,22518,0.73,940827,0.96
2021-12-02,3366133,0.56,1449142,0.64,154700,0.54,127500,0.49,22540,0.69,923179,0.96
2021-12-01,3333735,0.56,1463384,0.64,163200,0.57,136100,0.53,23347,0.69,899319,0.97
2021-11-30,3214333,0.55,1432539,0.64,166700,0.58,136600,0.53,22469,0.74,897216,1.00
2021-11-29,3002707,0.57,1381661,0.70,166200,0.57,132500,0.50,21124,0.81,900399,1.18
2021-11-28,1467414,0.72,592081,0.72,75200,0.80,65100,0.81,10481,0.70,825585,1.14
2021-11-27,1882638,0.68,750986,0.61,83700,0.74,76100,0.79,10620,0.74,850980,0.94
2021-11-26,2092977,0.60,843588,0.60,128500,0.43,108700,0.40,11077,0.74,789915,0.98
2021-11-25,1359188,0.64,509782,0.62,125400,0.44,69900,0.27,15459,0.72,861084,0.95
2021-11-24,3091878,0.59,1343391,0.63,165300,0.58,139400,0.54,21002,0.76,992568,1.01
2021-11-23,3293785,0.56,1424890,0.62,162200,0.56,136600,0.53,22574,0.71,989345,0.99
2021-11-22,3137259,0.55,1418226,0.62,156900,0.54,127800,0.48,21441,0.72,901942,1.00
2021-11-21,1676033,0.74,674551,0.72,80500,0.86,66900,0.83,TBD,TBD,841901,1.12
2021-11-20,2138098,0.67,861772,0.64,94400,0.84,82900,0.86,TBD,TBD,915131,1.02
2021-11-19,3323841,0.57,1429787,0.65,151800,0.51,127100,0.47,22662,0.75,987149,1.01
2021-11-18,3419760,0.57,1505488,0.65,157400,0.55,132600,0.51,24071,0.74,959226,1.00
2021-11-17,3376522,0.57,1501740,0.65,158400,0.55,131100,0.51,24396,0.73,915266,0.99
2021-11-16,3348316,0.57,1492110,0.64,161400,0.56,137200,0.53,23694,0.73,902386,0.99
2021-11-15,3117761,0.56,1437414,0.66,161000,0.55,132200,0.50,22208,0.75,890524,1.01
2021-11-14,1704908,0.70,657129,0.65,72500,0.78,62900,0.78,12460,0.66,858311,1.05
2021-11-13,2172149,0.67,815114,0.62,80800,0.72,74300,0.77,13124,0.75,869112,0.96
2021-11-12,3164764,0.54,1350608,0.61,141700,0.47,117700,0.44,21598,0.69,919941,0.93
2021-11-11,2927728,0.61,1198235,0.66,143400,0.50,122900,0.47,19846,0.90,895643,1.05
2021-11-10,3359437,0.58,1514453,0.69,159300,0.56,134400,0.52,24608,0.76,926005,1.01
2021-11-09,3287134,0.57,1518264,0.69,157200,0.54,134100,0.52,24504,0.78,898518,1.01
2021-11-08,3072454,0.53,1461178,0.63,159700,0.55,131100,0.49,22136,0.74,889544,0.97
2021-11-07,1891963,0.66,614513,0.62,81200,0.87,72200,0.90,10647,0.63,780686,1.01
2021-11-06,2198274,0.68,864499,0.66,84900,0.75,80800,0.84,13672,0.77,910587,1.00
2021-11-05,3300207,0.56,1457014,0.67,150200,0.50,121800,0.45,23009,0.78,966007,0.99
2021-11-04,3291525,0.55,1486942,0.64,151400,0.53,126500,0.49,24009,0.75,931012,0.98
2021-11-03,3301103,0.55,1507287,0.63,154200,0.54,131000,0.51,23349,0.70,901230,0.96
2021-11-02,2853901,0.52,1258180,0.60,147800,0.51,129300,0.50,22016,0.72,853432,0.96
2021-11-01,3041089,0.52,1448304,0.63,158400,0.54,131300,0.49,21387,0.71,898451,0.98
2021-10-31,1748679,0.70,656203,0.62,68700,0.73,66300,0.82,12233,0.63,824978,0.96
2021-10-30,2046487,0.61,819620,0.59,76500,0.68,69300,0.72,12642,0.69,854656,0.92
2021-10-29,3258376,0.55,1426938,0.63,153300,0.51,122600,0.46,22477,0.74,963442,0.97
2021-10-28,3373576,0.58,1515489,0.70,159600,0.55,132200,0.51,24814,0.86,959835,1.08
2021-10-27,3307634,0.55,1503535,0.64,155900,0.54,129900,0.50,24144,0.75,914494,0.99
2021-10-26,2707913,0.45,1233660,0.53,130100,0.45,104500,0.40,21220,0.68,738636,0.81
2021-10-25,3001962,0.52,1461023,0.63,158300,0.54,125800,0.47,21724,0.75,883887,0.97
2021-10-24,1601835,0.73,659283,0.76,69600,0.74,68200,0.85,12314,0.72,883371,1.14
2021-10-23,2079731,0.62,847596,0.61,74700,0.66,82900,0.86,13556,0.76,914737,0.96
2021-10-22,3232113,0.55,1471199,0.64,145800,0.49,126600,0.47,22843,0.76,986548,0.98
2021-10-21,3275195,0.54,1476434,0.62,149900,0.52,127300,0.49,24007,0.75,948652,0.96
2021-10-20,3241475,0.54,1525608,0.64,155200,0.54,131100,0.51,24474,0.75,916246,0.97
2021-10-19,3185458,0.55,1510722,0.67,153400,0.53,130000,0.50,23403,0.78,899389,1.03
2021-10-18,2989693,0.53,1461843,0.64,153700,0.53,127400,0.48,21454,0.78,889996,1.02
2021-10-17,1631844,0.67,663944,0.68,74800,0.80,69700,0.87,12564,0.67,891527,1.07
2021-10-16,2044396,0.61,856990,0.62,83400,0.74,74900,0.78,13307,0.75,896392,0.94
2021-10-15,3233854,0.54,1491099,0.65,150900,0.50,124700,0.46,23251,0.77,990940,0.96
2021-10-14,3248072,0.53,1527543,0.66,154600,0.54,126800,0.49,24144,0.77,952876,0.98
2021-10-13,3164655,0.54,1511356,0.69,151300,0.53,124800,0.48,24396,0.78,907632,1.00
2021-10-12,3110171,0.53,1514608,0.64,154600,0.54,128200,0.49,23848,0.79,910639,1.00
2021-10-11,2267498,0.53,1045865,0.64,131700,0.45,114500,0.43,16917,0.89,878443,1.03
2021-10-10,1499551,0.56,601821,0.56,65600,0.70,59000,0.73,11794,0.64,806025,0.90
2021-10-09,2052746,0.63,856308,0.62,84600,0.75,82000,0.85,13634,0.78,919384,0.98
2021-10-08,3175133,0.54,1473912,0.65,153800,0.51,123600,0.46,23356,0.78,1001210,0.97
2021-10-07,3198045,0.53,1523168,0.64,150100,0.52,121400,0.47,24571,0.78,951212,0.98
2021-10-06,3147958,0.53,1532668,0.63,149600,0.52,123100,0.48,24678,0.80,913993,0.99
2021-10-05,3098187,0.54,1499767,0.65,150200,0.52,124700,0.48,23644,0.78,887129,1.01
2021-10-04,2870940,0.50,1419155,0.60,152600,0.53,121300,0.46,21794,0.75,871945,0.96
2021-10-03,1577642,0.63,673253,0.63,74900,0.80,66800,0.83,12936,0.67,887540,1.02
2021-10-02,2066222,0.62,883902,0.63,86600,0.77,80900,0.84,14145,0.80,923455,0.99
2021-10-01,3169206,0.53,1492942,0.64,140000,0.47,116200,0.43,23098,0.77,985786,0.98
2021-09-30,3153965,0.52,1516081,0.66,144800,0.50,121800,0.47,23555,0.75,953501,1.02
2021-09-29,3070509,0.52,1513184,0.63,137500,0.48,120000,0.46,23323,0.75,886785,0.96
2021-09-28,2934542,0.49,1457421,0.61,141200,0.49,118300,0.45,21727,0.72,831192,0.90
2021-09-27,2880083,0.50,1489441,0.64,146200,0.50,121500,0.46,21209,0.76,881116,0.95
2021-09-26,1616915,0.64,657257,0.60,80100,0.86,64900,0.81,12034,0.64,895286,0.98
2021-09-25,2132211,0.66,872490,0.63,88500,0.78,81300,0.84,13909,0.82,953628,0.98
2021-09-24,3128041,0.53,1469705,0.64,142800,0.48,116700,0.43,21941,0.77,986694,0.97
2021-09-23,3022830,0.50,1483075,0.63,140100,0.49,115500,0.44,23031,0.75,915198,0.94
2021-09-22,3027925,0.50,1506211,0.63,139900,0.49,120100,0.46,23157,0.73,872883,0.92
2021-09-21,3025310,0.50,1505803,0.63,142700,0.49,123900,0.48,22399,0.75,860050,0.93
2021-09-20,2889759,0.50,1481676,0.63,148100,0.51,122100,0.46,21889,0.78,895109,0.97
2021-09-19,1598720,0.61,674024,0.60,69400,0.74,64100,0.80,12612,0.67,914623,0.98
2021-09-18,2017430,0.61,871175,0.61,77300,0.69,76300,0.79,14054,0.80,949178,0.98
2021-09-17,3034676,0.51,1456201,0.63,142100,0.47,119300,0.44,23282,0.81,982085,0.97
2021-09-16,2539853,0.42,1210069,0.50,128000,0.44,107700,0.41,20826,0.67,864413,0.88
2021-09-15,2993744,0.50,1503627,0.62,139900,0.49,116400,0.45,23966,0.75,904733,0.96
2021-09-14,3017947,0.51,1511145,0.62,144900,0.50,120500,0.46,23132,0.75,908024,0.98
2021-09-13,2858929,0.50,1441516,0.61,147800,0.51,122500,0.46,21898,0.78,914827,0.99
2021-09-12,1591655,0.62,694561,0.63,77000,0.82,59000,0.73,12239,0.66,899864,0.98
2021-09-11,1985273,0.63,870791,0.63,82200,0.73,65300,0.68,13070,0.77,917704,0.98
2021-09-10,2845820,0.48,1322430,0.56,150900,0.50,113500,0.42,23037,0.78,995486,0.98
2021-09-09,2708091,0.46,1249341,0.52,139500,0.48,111700,0.43,23653,0.76,911040,0.94
2021-09-08,2534847,0.46,1192895,0.55,135700,0.47,110900,0.43,22354,0.73,896020,0.96
2021-09-07,2238469,0.42,1102372,0.52,137600,0.48,113700,0.44,21143,0.74,902400,0.95
2021-09-06,1523354,0.68,733947,0.77,77900,0.83,51300,0.19,10077,1.06,812884,1.10
2021-09-05,1416893,0.57,618622,0.57,71000,0.76,45200,0.56,11931,0.64,832200,0.93
2021-09-04,1779743,0.61,834456,0.62,84800,0.75,57100,0.59,13382,0.82,927358,0.99
2021-09-03,2394842,0.49,1221668,0.61,139800,0.47,97900,0.36,22585,0.85,1014806,0.98
2021-09-02,1664178,0.32,1188941,0.57,105600,0.37,N/A,N/A,21179,0.76,851145,0.83
2021-09-01,2298999,0.44,1086148,0.54,118400,0.41,90600,0.35,20878,0.72,811053,0.86
2021-08-31,2537974,0.49,1246463,0.61,133600,0.46,99900,0.38,22724,0.81,936181,1.00
2021-08-30,2325695,0.48,1182908,0.61,131600,0.45,97100,0.37,19224,0.76,911105,0.98
2021-08-29,1400642,0.56,630281,0.58,68800,0.74,54100,0.67,11558,0.62,890505,0.99
2021-08-28,1661095,0.57,776489,0.58,69000,0.61,56200,0.58,12760,0.78,890293,0.95
2021-08-27,2392602,0.49,1147249,0.57,119700,0.40,90500,0.34,21211,0.79,973335,0.94
2021-08-26,2485132,0.47,1222996,0.59,122100,0.42,91000,0.35,22068,0.79,950534,0.93
2021-08-25,2503420,0.48,1236342,0.61,127400,0.44,93300,0.36,23351,0.80,957036,1.01
2021-08-24,2467406,0.47,1234884,0.60,130600,0.45,98300,0.38,22679,0.80,942935,1.00
2021-08-23,2056731,0.42,1032792,0.53,110000,0.38,84200,0.32,18809,0.74,821654,0.89
2021-08-22,745800,0.32,369246,0.34,27500,0.29,16100,0.20,7979,0.45,489334,0.53
2021-08-21,1716439,0.59,822340,0.60,72800,0.65,62000,0.64,13046,0.79,941331,0.96
2021-08-20,2460924,0.50,1183308,0.62,124600,0.42,99500,0.37,21451,0.79,969814,0.96
2021-08-19,2444495,0.48,1194375,0.60,117400,0.41,93000,0.36,21838,0.77,939085,0.94
2021-08-18,2450516,0.48,1210760,0.61,117200,0.41,97900,0.38,22715,0.78,917872,0.96
2021-08-17,2432692,0.48,1209633,0.60,120700,0.42,103600,0.40,22245,0.79,909180,0.96
2021-08-16,2292396,0.48,1170216,0.61,123900,0.43,100300,0.38,20087,0.77,910779,0.97
2021-08-15,1430620,0.63,661705,0.61,73000,0.78,54400,0.68,12395,0.69,918288,1.01
2021-08-14,1718222,0.60,811826,0.59,75700,0.67,57700,0.60,13157,0.79,904780,0.96
2021-08-13,2434624,0.49,1189426,0.60,123800,0.41,91900,0.34,21336,0.79,973883,0.97
2021-08-12,2453353,0.46,1223666,0.60,119700,0.42,90800,0.35,22427,0.78,965578,0.97
2021-08-11,2480877,0.47,1246306,0.62,119700,0.42,94700,0.37,23338,0.78,931264,0.98
2021-08-10,2447231,0.48,1245670,0.63,122500,0.42,95300,0.37,23079,0.82,905508,1.00
2021-08-09,2294279,0.46,1183050,0.60,109900,0.38,95600,0.36,20540,0.78,891525,0.94
2021-08-08,1333885,0.54,598574,0.54,61100,0.65,54300,0.68,11934,0.67,843489,0.92
2021-08-07,1780458,0.59,836715,0.61,76800,0.68,67300,0.70,14108,0.83,923751,0.94
2021-08-06,2523944,0.49,1222343,0.61,123200,0.41,101200,0.38,22179,0.81,979833,0.96
2021-08-05,2534287,0.47,1259332,0.60,120000,0.42,98300,0.38,22610,0.78,956306,0.96
2021-08-04,2534018,0.48,1257876,0.63,123700,0.43,99300,0.38,23611,0.80,921068,1.01
2021-08-03,2489064,0.47,1262043,0.60,123900,0.43,103200,0.40,22828,0.78,904753,0.97
2021-08-02,2338722,0.46,1208484,0.59,126200,0.43,102300,0.38,19824,0.74,903514,0.96
2021-08-01,1351294,0.55,629963,0.56,66000,0.71,52000,0.65,11627,0.63,869092,0.94
2021-07-31,1841007,0.61,857333,0.61,85400,0.76,67100,0.70,13932,0.84,953445,1.02
2021-07-30,2562489,0.49,1235623,0.60,131900,0.44,103500,0.39,22127,0.81,988596,0.97
2021-07-29,2433507,0.45,1186642,0.55,120300,0.42,94700,0.36,22164,0.77,918380,0.91
2021-07-28,2539760,0.47,1276296,0.62,126800,0.44,100000,0.39,23145,0.79,932094,0.99
2021-07-27,2493079,0.46,1267804,0.60,128300,0.44,103000,0.40,22609,0.78,918908,0.97
2021-07-26,2323169,0.45,1219135,0.59,129900,0.45,101300,0.38,19910,0.75,907205,0.96
2021-07-25,1364830,0.56,625645,0.56,66400,0.71,53100,0.66,11419,0.63,864361,0.91
2021-07-24,1852402,0.61,856250,0.61,84900,0.75,68600,0.71,14042,0.83,950568,0.97
2021-07-23,2557043,0.48,1219255,0.60,130500,0.44,101100,0.38,22314,0.81,985198,0.95
2021-07-22,2587338,0.47,1279778,0.60,127300,0.44,102300,0.39,23122,0.79,963493,0.95
2021-07-21,2509502,0.45,1225595,0.56,121500,0.42,104900,0.41,22865,0.75,914902,0.93
2021-07-20,2467017,0.47,1217802,0.60,125800,0.44,107000,0.41,22213,0.77,924495,1.01
2021-07-19,2332473,0.46,1208792,0.61,126700,0.44,103400,0.39,20276,0.77,897298,0.98
2021-07-18,1405344,0.65,640618,0.62,67400,0.72,56200,0.70,11313,0.73,838604,0.96
2021-07-17,1717480,0.65,795347,0.63,73000,0.65,64500,0.67,13228,0.88,897001,0.97
2021-07-16,2541195,0.49,1219118,0.59,123500,0.41,104300,0.39,21730,0.81,983846,0.96
2021-07-15,2586791,0.48,1275846,0.62,125600,0.44,105200,0.40,23772,0.82,971048,0.99
2021-07-14,2522633,0.46,1260044,0.60,120500,0.42,101800,0.39,23662,0.78,919213,0.97
2021-07-13,2462643,0.44,1239045,0.57,123400,0.43,105300,0.41,22286,0.74,895705,0.94
2021-07-12,2249975,0.43,1171521,0.56,120500,0.41,99000,0.37,20623,0.76,866231,0.91
2021-07-11,1367403,0.56,635511,0.56,62600,0.67,53200,0.66,11725,0.65,830775,0.88
2021-07-10,1783921,0.59,855908,0.59,73000,0.65,64400,0.67,14518,0.85,925950,0.93
2021-07-09,2322712,0.43,1115969,0.55,109400,0.37,88300,0.33,20632,0.74,888932,0.87
2021-07-08,2369035,0.43,1164513,0.56,116300,0.40,93200,0.36,22941,0.77,897858,0.93
2021-07-07,2442092,0.44,1234617,0.57,122600,0.43,99100,0.38,23637,0.79,926634,0.97
2021-07-06,2306692,0.42,1181416,0.54,127900,0.44,100500,0.39,22648,0.76,903777,0.95
2021-07-05,1497714,0.65,770321,0.70,78400,0.84,59700,0.22,10303,0.57,838087,0.91
2021-07-04,1470325,0.54,615001,0.55,70200,0.75,63900,0.80,12816,0.98,773629,0.88
2021-07-03,1543756,0.60,738089,0.58,63800,0.57,57400,0.59,12676,0.87,777262,0.98
2021-07-02,2300302,0.59,1121116,0.64,116500,0.39,94300,0.35,21489,0.97,920188,1.08
2021-07-01,2297059,0.42,1104516,0.53,114400,0.40,90000,0.35,22011,0.74,933638,1.21
2021-06-30,2350864,0.45,1139886,0.55,119400,0.42,99500,0.38,23001,0.77,945822,0.94
2021-06-29,2348456,0.44,1169268,0.56,119400,0.41,97800,0.38,21612,0.73,930011,0.98
2021-06-28,2256926,0.43,1152019,0.56,122300,0.42,101500,0.38,20503,0.77,924740,0.97
2021-06-27,1561403,0.52,656004,0.60,75100,0.80,62400,0.78,11883,0.70,900039,0.97
2021-06-26,1855861,0.58,841585,0.63,76600,0.68,66700,0.69,13520,0.84,950086,0.98
2021-06-25,2587425,0.47,1214123,0.61,126700,0.42,100500,0.37,22400,0.80,988675,0.95
2021-06-24,2557684,0.45,1248843,0.60,121500,0.42,100500,0.39,22842,0.77,978351,0.94
2021-06-23,2552443,0.44,1264095,0.56,121900,0.43,101900,0.39,24223,0.79,946870,0.93
2021-06-22,2359521,0.43,1172110,0.56,116200,0.40,97600,0.38,22293,0.75,896868,0.94
2021-06-21,2268969,0.42,1191844,0.56,123900,0.43,95700,0.36,20512,0.76,926300,0.95
2021-06-20,1389352,0.53,652557,0.58,77000,0.82,60900,0.76,13189,0.71,951631,0.98
2021-06-19,1784312,0.54,841519,0.60,76500,0.68,66100,0.69,13949,0.80,952944,0.95
2021-06-18,2576562,0.46,1235675,0.66,122800,0.41,104300,0.39,22491,0.79,989296,0.96
2021-06-17,2557486,0.45,1281552,0.63,121600,0.42,98400,0.38,23292,0.78,973485,0.97
2021-06-16,2524189,0.44,1288040,0.59,119200,0.42,94700,0.37,24788,0.79,945955,0.98
2021-06-15,2474710,0.44,1277203,0.61,117600,0.41,96700,0.37,23460,0.78,917933,0.99
2021-06-14,2227391,0.41,1176722,0.54,115300,0.40,91100,0.34,21568,0.79,869235,0.92
2021-06-13,1379959,0.59,647385,0.62,59200,0.63,51700,0.64,12047,0.65,887098,0.95
2021-06-12,1775538,0.56,849178,0.60,68200,0.60,61500,0.64,14450,0.81,919318,0.91
2021-06-11,2472629,0.43,1221484,0.55,118300,0.39,94600,0.35,23324,0.81,968763,0.93
2021-06-10,2478619,0.43,1276901,0.59,113200,0.39,91300,0.35,23498,0.80,951274,0.98
2021-06-09,2390612,0.41,1259005,0.54,107900,0.38,90600,0.35,23868,0.75,908563,0.93
2021-06-08,2270152,0.39,1175335,0.53,108300,0.38,88000,0.34,22948,0.78,878376,0.92
2021-06-07,2227613,0.42,1200737,0.59,112100,0.39,89400,0.34,21511,0.83,897208,1.02
2021-06-06,1363344,0.53,654780,0.60,61900,0.66,51500,0.64,12514,0.70,921829,1.03
2021-06-05,1792204,0.55,874545,0.62,72800,0.65,62700,0.65,14636,0.82,946758,0.98
2021-06-04,2314340,0.41,1160335,0.52,104600,0.35,88900,0.33,22743,0.79,930743,0.90
2021-06-03,2238336,0.39,1143159,0.53,102800,0.36,84800,0.33,23026,0.77,895524,0.89
2021-06-02,2348517,0.41,1249102,0.55,112500,0.39,90800,0.35,24325,0.79,910385,0.94
2021-06-01,2263536,0.41,1230127,0.58,114800,0.40,94900,0.37,22308,0.75,907698,0.95
2021-05-31,1391302,0.53,702801,0.61,102300,0.32,63000,0.22,10380,0.96,756187,0.79
2021-05-30,1066132,0.42,484864,0.45,43400,0.45,47200,0.45,10028,0.56,664029,0.74
2021-05-29,1371467,0.43,648192,0.46,54800,0.46,71700,0.48,11734,0.68,744860,0.77
2021-05-28,2236646,0.39,1135369,0.51,112800,0.35,89300,0.31,21520,0.77,931760,0.89
2021-05-27,2356638,0.41,1246269,0.57,117300,0.37,90600,0.32,23450,0.82,970920,1.00
2021-05-26,2280311,0.40,1241052,0.56,114500,0.36,86700,0.30,23594,0.80,921084,0.97
2021-05-25,2275628,0.42,1253998,0.58,110900,0.35,85900,0.30,22854,0.81,902577,0.98
2021-05-24,2123129,0.38,1192453,0.54,105500,0.33,80800,0.28,21563,0.76,869940,1.11
2021-05-23,1270286,0.50,645466,0.61,58000,0.59,63700,0.61,11765,0.64,885740,1.01
2021-05-22,1647055,0.55,839877,0.63,66300,0.56,94500,0.63,13397,0.85,911148,1.01
2021-05-21,2336140,0.43,1221591,0.56,110100,0.34,90900,0.32,22520,0.81,965528,0.92
2021-05-20,2273912,0.40,1243965,0.57,106600,0.33,82700,0.29,23659,0.80,931659,0.92
2021-05-19,2261916,0.38,1253578,0.54,104800,0.33,82700,0.29,23784,0.76,915644,0.92
2021-05-18,2154370,0.37,1215676,0.52,100400,0.31,80300,0.28,22367,0.74,838307,0.87
2021-05-17,2026574,0.36,1157960,0.51,98500,0.31,77300,0.27,20779,0.75,810018,0.84
2021-05-16,1201918,0.46,621750,0.56,49200,0.50,56800,0.55,11062,0.59,814177,0.86
2021-05-15,1637242,0.48,844096,0.59,63100,0.53,91100,0.60,13516,0.77,891574,0.90
2021-05-14,2270937,0.40,1220112,0.55,104900,0.33,85700,0.30,22437,0.79,947064,0.90
2021-05-13,2167164,0.37,1182347,0.51,103000,0.32,80000,0.28,23439,0.78,918259,0.90
2021-05-12,2186470,0.37,1238990,0.53,98900,0.31,77900,0.27,23946,0.75,887381,0.91
2021-05-11,2152549,0.37,1231886,0.53,97400,0.30,75400,0.26,22751,0.77,873176,0.93
2021-05-10,1993889,0.37,1149109,0.54,96800,0.30,73300,0.26,20751,0.79,844563,0.93
2021-05-09,1108734,0.54,576000,0.69,54100,0.55,59300,0.57,13897,0.71,854809,1.00
2021-05-08,1444674,0.45,779188,0.54,56300,0.48,78700,0.52,13339,0.74,854156,0.86
2021-05-07,2241860,0.40,1222741,0.54,101600,0.32,83100,0.29,22730,0.80,936747,0.92
2021-05-06,2204111,0.37,1258536,0.53,94200,0.30,76000,0.27,23792,0.77,905604,0.92
2021-05-05,2078394,0.35,1158445,0.48,92000,0.29,70300,0.25,23236,0.73,841968,0.88
2021-05-04,2124252,0.37,1227250,0.52,93100,0.29,72300,0.25,22962,0.74,851039,0.91
2021-05-03,1974754,0.35,1165505,0.51,91100,0.29,67100,0.23,21492,0.76,828506,0.89
2021-05-02,1153471,0.50,620063,0.74,41800,0.43,51300,0.49,11541,0.66,809865,1.02
2021-05-01,1515211,0.47,818655,0.59,51100,0.43,76300,0.51,13263,0.75,849633,0.91
2021-04-30,2163175,0.38,1185321,0.53,93500,0.30,77700,0.27,22322,0.78,922720,0.91
2021-04-29,2032405,0.35,1166096,0.50,88700,0.29,69000,0.24,22201,0.75,873037,0.89
2021-04-28,2139820,0.37,1227777,0.52,92100,0.30,72900,0.25,24411,0.79,888723,0.93
2021-04-27,2045718,0.36,1198299,0.52,89000,0.29,69300,0.24,22603,0.76,839788,0.90
2021-04-26,1959131,0.35,1156913,0.52,89300,0.29,68600,0.24,21083,0.77,826605,0.91
2021-04-25,985027,0.41,540989,0.55,34100,0.37,37100,0.36,9777,0.56,695863,0.83
2021-04-24,1520057,0.47,809163,0.61,51600,0.45,78900,0.53,13351,0.81,854964,0.93
2021-04-23,2125087,0.42,1184193,0.68,92800,0.30,76100,0.27,22035,0.87,920588,1.02
2021-04-22,2044069,0.37,1166357,0.59,86600,0.28,67600,0.24,21832,0.78,871573,0.93
2021-04-21,1969710,0.36,1139762,0.57,83500,0.27,66000,0.23,22379,0.76,828447,0.88
2021-04-20,2086630,0.38,1223642,0.60,90000,0.29,72000,0.25,23528,0.85,860511,0.92
2021-04-19,1914960,0.39,1147977,0.63,87200,0.28,67400,0.23,21274,0.89,816540,0.89
2021-04-18,1082503,0.44,607333,0.61,38300,0.42,48200,0.47,10865,0.58,753446,0.86
2021-04-17,1425036,0.43,803352,0.57,49900,0.44,72600,0.49,13313,0.75,813162,0.96
2021-04-16,2082447,0.36,1157507,0.52,87200,0.28,73600,0.26,21632,0.74,889711,0.92
2021-04-15,1910326,0.32,1083083,0.48,81800,0.26,63800,0.22,21198,0.72,822207,0.82
2021-04-14,2021936,0.34,1199954,0.51,86700,0.28,69900,0.24,23462,0.75,852606,0.88
2021-04-13,2016030,0.34,1196355,0.51,87200,0.28,67600,0.24,22728,0.76,832482,0.88
2021-04-12,1849254,0.33,1087799,0.50,83100,0.27,63900,0.22,21192,0.76,793402,0.87
2021-04-11,900666,0.36,504407,0.51,32000,0.35,35600,0.35,9742,0.52,666435,0.78
2021-04-10,1392745,0.42,790023,0.56,46000,0.40,66800,0.45,12713,0.72,822112,0.87
2021-04-09,2030410,0.36,1144311,0.51,87100,0.28,71000,0.25,21978,0.76,895229,0.89
2021-04-08,2017306,0.35,1177833,0.50,86700,0.28,68000,0.24,22579,0.72,877834,0.90
2021-04-07,1989179,0.34,1172362,0.50,85500,0.28,66700,0.23,23469,0.73,858593,0.90
2021-04-06,1946071,0.34,1155101,0.50,85800,0.28,66200,0.23,21695,0.72,840351,0.92
2021-04-05,1822134,0.33,1088750,0.48,87000,0.28,67700,0.24,19970,0.71,832239,0.91
2021-04-04,951260,0.41,519812,0.52,40900,0.45,47700,0.46,11632,0.60,749910,0.84
2021-04-03,1319964,0.47,750682,0.63,47700,0.42,68800,0.46,12735,0.86,779701,0.83
2021-04-02,1760768,0.37,958085,0.54,79800,0.26,66800,0.23,18839,0.77,845252,0.87
2021-04-01,1845249,0.31,1030209,0.44,77300,0.25,55500,0.19,20490,0.65,856466,0.88
2021-03-31,1812072,0.31,995873,0.42,84900,0.27,61600,0.22,20374,0.63,833052,0.89
2021-03-30,1885343,0.33,1079381,0.46,91300,0.29,65600,0.24,21019,0.70,842154,0.93
2021-03-29,1745540,0.31,1002597,0.44,86500,0.28,62400,0.23,18543,0.65,763647,0.85
2021-03-28,807247,0.36,459949,0.47,28300,0.33,29900,0.32,9104,0.52,601860,0.74
2021-03-27,1374266,0.42,781981,0.56,47500,0.44,63600,0.47,12900,0.75,841595,0.91
2021-03-26,1941782,0.35,1091753,0.49,84400,0.27,64500,0.23,20805,0.73,865970,0.88
2021-03-25,1929515,0.33,1127964,0.48,83600,0.27,61200,0.22,21763,0.71,847633,0.88
2021-03-24,1831662,0.32,1075968,0.47,79600,0.25,56500,0.20,21651,0.69,794315,0.86
2021-03-23,1883301,0.33,1133504,0.48,83100,0.27,58700,0.21,21590,0.71,810243,0.90
2021-03-22,1805084,0.33,1095241,0.49,84200,0.27,61100,0.22,20427,0.72,788542,0.89
2021-03-21,1013386,0.42,579358,0.54,34700,0.40,37600,0.40,10358,0.56,735673,0.84
2021-03-20,1307403,0.43,768908,0.58,41700,0.39,54900,0.40,12558,0.76,787777,0.89
2021-03-19,1910080,0.35,1083647,0.51,80000,0.26,60700,0.22,20357,0.72,863187,0.90
2021-03-18,1774375,0.32,1019472,0.47,76500,0.24,55400,0.20,20264,0.69,799478,0.87
2021-03-17,1869879,0.33,1103979,0.47,81400,0.26,58400,0.21,22323,0.70,808876,0.88
2021-03-16,1801682,0.32,1062179,0.46,77700,0.25,56400,0.20,20903,0.68,786996,0.87
2021-03-15,1733288,0.32,1023990,0.46,79300,0.25,55800,0.20,19986,0.71,774146,0.87
2021-03-14,923968,0.38,531754,0.52,30400,0.35,31800,0.34,9732,0.53,673170,0.80
2021-03-13,1257372,0.39,730218,0.54,38500,0.36,52300,0.39,11932,0.71,776744,0.86
2021-03-12,1917972,0.34,1092388,0.49,82400,0.26,63200,0.23,21724,0.75,873014,0.88
2021-03-11,1885584,0.32,1107502,0.47,80400,0.26,59000,0.21,22617,0.72,836773,0.87
2021-03-10,1852702,0.32,1104610,0.47,78100,0.25,58100,0.21,22774,0.71,804700,0.87
2021-03-09,1837670,0.32,1101988,0.47,79300,0.25,57700,0.21,22200,0.72,791512,0.87
2021-03-08,1722930,0.31,1039763,0.45,79400,0.25,56100,0.20,20685,0.72,767707,0.85
2021-03-07,894177,0.42,525930,0.59,29300,0.34,30700,0.33,9843,0.57,662461,0.86
2021-03-06,1167887,0.38,696719,0.51,37200,0.34,45300,0.33,11951,0.68,728236,0.81
2021-03-05,1829185,0.32,1041408,0.47,79100,0.25,58600,0.21,21842,0.75,846071,0.86
2021-03-04,1812200,0.31,1078036,0.48,78600,0.25,55100,0.20,21727,0.70,807284,0.86
2021-03-03,1850000,0.33,1119137,0.50,78800,0.25,55500,0.20,22823,0.72,798577,0.88
2021-03-02,1752983,0.31,1024511,0.45,75300,0.24,51600,0.19,20640,0.67,763489,0.85
2021-03-01,1699607,0.39,1020837,0.65,74400,0.24,51300,0.19,20359,0.86,747909,1.09
2021-02-28,811043,0.36,491545,0.50,23800,0.30,27700,0.30,8910,0.53,619960,0.79
2021-02-27,1074256,0.38,635820,0.51,28800,0.29,38900,0.30,11319,0.63,681969,0.81
2021-02-26,1826171,0.33,1065376,0.50,76700,0.25,56500,0.21,21911,0.69,851052,0.89
2021-02-25,1801708,0.32,1069420,0.48,75000,0.25,53400,0.20,22138,0.68,814611,0.88
2021-02-24,1809852,0.32,1099351,0.49,74800,0.24,53500,0.20,23223,0.70,797488,0.90
2021-02-23,1733604,0.31,1040398,0.47,73500,0.24,51600,0.19,20852,0.65,759850,0.87
2021-02-22,1585133,0.29,927414,0.42,69700,0.23,48900,0.18,19015,0.63,691608,0.80
2021-02-21,837051,0.37,516715,0.51,25200,0.32,27300,0.30,9195,0.46,605395,0.76
2021-02-20,1111970,0.38,679240,0.54,30900,0.31,41200,0.31,10578,0.60,657045,0.79
2021-02-19,1568728,0.30,809308,0.43,64100,0.21,48700,0.18,14172,0.48,608152,0.65
2021-02-18,1384407,0.26,725951,0.37,58000,0.19,43000,0.16,15843,0.50,456327,0.50
2021-02-17,1736509,0.32,1061711,0.52,74200,0.24,53700,0.20,22336,0.68,821333,0.93
2021-02-16,1630739,0.32,963223,0.50,72700,0.24,49900,0.19,19126,0.62,726224,0.85
2021-02-15,1220357,0.38,726412,0.53,65700,0.21,30000,0.33,11437,0.70,641883,0.81
2021-02-14,858877,0.37,479319,0.49,23400,0.29,28200,0.31,7835,0.41,551288,0.73
2021-02-13,1093261,0.39,656637,0.58,29300,0.30,40800,0.31,11669,0.71,666722,0.81
2021-02-12,1709253,0.31,965421,0.46,72100,0.24,53700,0.20,20165,0.65,803912,0.82
2021-02-11,1717804,0.30,1005348,0.46,70200,0.23,50500,0.19,20144,0.61,755367,0.83
2021-02-10,1753405,0.32,1052021,0.46,71300,0.23,50100,0.19,22169,0.65,769088,0.87
2021-02-09,1669590,0.30,992290,0.45,69500,0.23,47600,0.18,19386,0.59,682085,0.79
2021-02-08,1642828,0.31,964007,0.45,71000,0.23,50900,0.19,17786,0.59,701146,0.83
2021-02-07,653257,0.29,367095,0.37,17100,0.22,19400,0.21,7115,0.36,340122,0.44
2021-02-06,1149757,0.39,715717,0.56,29200,0.30,40300,0.31,12020,0.66,689415,0.83
2021-02-05,1744130,0.32,1001775,0.48,68900,0.23,51300,0.19,20136,0.65,766091,0.84
2021-02-04,1789214,0.32,1033791,0.47,71300,0.23,51000,0.19,20328,0.63,742193,0.84
2021-02-03,1705655,0.30,949695,0.42,69100,0.23,49700,0.18,16869,0.50,656614,0.75
2021-02-02,1007502,0.18,543073,0.24,22800,0.07,30600,0.11,8155,0.25,311607,0.36
2021-02-01,584184,0.11,337228,0.15,8600,0.03,16700,0.06,12202,0.41,156759,0.18
2021-01-31,723473,0.32,427945,0.44,23100,0.28,28400,0.26,8616,0.44,573512,0.82
2021-01-30,943426,0.33,566837,0.45,26600,0.27,40800,0.26,10284,0.61,652550,0.83
2021-01-29,1514326,0.28,812264,0.38,65100,0.22,49700,0.18,19047,0.61,780131,0.84
2021-01-28,1650014,0.29,950205,0.43,70000,0.23,52000,0.19,20139,0.64,768600,0.89
2021-01-27,1663376,0.30,1004792,0.45,70400,0.23,50500,0.18,19841,0.61,740154,0.85
2021-01-26,1553918,0.28,911579,0.41,68200,0.23,49300,0.18,18115,0.57,653068,0.76
2021-01-25,1595694,0.30,978987,0.47,73100,0.24,52100,0.19,19991,0.68,727393,0.86
2021-01-24,741960,0.32,458203,0.46,24000,0.29,29000,0.27,8317,0.45,560522,0.73
2021-01-23,998665,0.38,619673,0.60,27900,0.29,42700,0.27,10536,0.66,640381,0.86
2021-01-22,1675175,0.31,1018584,0.49,71300,0.24,54000,0.19,20375,0.67,787474,0.85
2021-01-21,1656100,0.30,1007042,0.47,71200,0.24,52000,0.19,19925,0.63,760221,0.85
2021-01-20,1578038,0.29,921371,0.43,67900,0.22,50000,0.18,19281,0.59,712711,0.82
2021-01-19,1639243,0.31,1013616,0.49,72600,0.24,52600,0.19,21049,0.67,736254,0.85
2021-01-18,1279119,0.40,766926,0.59,68700,0.23,31900,0.11,14124,0.90,689251,0.87
2021-01-17,798564,0.35,504031,0.53,24200,0.29,32900,0.31,9880,0.58,580771,0.83
2021-01-16,992599,0.38,645625,0.64,27100,0.28,43400,0.28,11654,0.83,631135,0.98
2021-01-15,1630098,0.31,981817,0.48,70200,0.23,54000,0.19,21819,0.72,788779,0.83
2021-01-14,1650630,0.30,1017757,0.47,70900,0.23,52500,0.19,21950,0.69,754071,0.83
2021-01-13,1644812,0.30,996646,0.45,70600,0.23,51700,0.19,22720,0.68,737859,0.83
2021-01-12,1643725,0.30,997279,0.46,71400,0.24,52100,0.19,21623,0.67,730831,0.85
2021-01-11,1571330,0.30,966517,0.45,72300,0.24,51400,0.18,21089,0.71,708058,0.84
2021-01-10,763690,0.33,501437,0.50,23800,0.29,29300,0.27,9467,0.49,564543,0.75
2021-01-09,991218,0.33,643475,0.49,27000,0.28,42900,0.27,12023,0.66,630790,0.76
2021-01-08,1622259,0.30,982175,0.46,68600,0.23,51500,0.18,21641,0.70,754548,0.83
2021-01-07,1614248,0.30,989097,0.47,69700,0.23,51000,0.18,21571,0.68,736609,0.83
2021-01-06,1616889,0.30,996123,0.47,70300,0.23,50800,0.18,22795,0.71,726679,0.85
2021-01-05,1600910,0.30,990479,0.46,70400,0.23,51000,0.18,21641,0.69,708610,0.84
2021-01-04,1561237,0.30,964597,0.46,71100,0.23,50900,0.18,20612,0.69,688045,0.83
2021-01-03,653915,0.29,413820,0.44,20800,0.25,25200,0.23,9745,0.52,496494,0.71
2021-01-02,989612,0.35,608686,0.51,28900,0.29,44500,0.28,10450,0.65,624765,0.85
2021-01-01,614497,0.27,378288,0.50,29000,0.10,8200,0.08,5960,0.70,445950,0.54
2020-12-31,1277146,0.32,780869,0.49,75200,0.24,21600,0.20,17167,0.69,704297,0.86
2020-12-30,1585476,0.37,935138,0.61,79300,0.25,58000,0.21,20922,0.85,799839,1.20
2020-12-29,1558295,0.36,918291,0.60,78900,0.25,56200,0.20,19717,0.80,759864,0.96
2020-12-28,1513195,0.35,902574,0.59,81600,0.26,58500,0.21,18820,0.77,743305,0.91
2020-12-27,761251,0.30,469973,0.50,34400,0.32,33200,0.31,9457,0.53,594862,0.76
2020-12-26,880184,0.28,555857,0.46,36000,0.28,42400,0.27,9094,0.60,593895,0.70
2020-12-25,485839,0.28,312707,0.47,51300,0.16,7300,0.07,8611,0.58,476547,0.54
2020-12-24,1314656,0.36,813353,0.53,75800,0.24,54600,0.20,15928,0.72,760624,0.90
2020-12-23,1775738,0.37,1033609,0.57,84400,0.27,59700,0.21,23305,0.86,864271,1.13
2020-12-22,1764202,0.37,1031789,0.56,82000,0.26,56400,0.20,22820,0.85,814975,0.90
2020-12-21,1719279,0.36,1011638,0.55,81200,0.26,56800,0.20,21647,0.80,777049,0.84
2020-12-20,822001,0.31,516601,0.50,32600,0.31,30500,0.28,9585,0.48,555254,0.66
2020-12-19,1112852,0.35,669751,0.53,41100,0.32,46600,0.30,11589,0.67,651814,0.72
2020-12-18,1738727,0.31,938457,0.45,74900,0.24,54400,0.19,17537,0.56,736356,0.74
2020-12-17,1081431,0.19,525802,0.26,21400,0.07,17600,0.06,9940,0.31,297298,0.31
2020-12-16,1571978,0.27,854245,0.39,68100,0.22,47600,0.17,19296,0.58,625006,0.66
2020-12-15,1786741,0.31,1076717,0.53,78400,0.25,54600,0.20,23432,0.74,819063,0.95
2020-12-14,1587068,0.28,950309,0.44,75000,0.24,51500,0.18,21333,0.71,723908,0.80
2020-12-13,911519,0.32,579527,0.55,39300,0.37,36800,0.34,10208,0.52,659446,0.78
2020-12-12,1091372,0.32,704357,0.55,41800,0.33,46400,0.30,12307,0.69,671668,0.76
2020-12-11,1789568,0.30,1053576,0.50,79700,0.25,55900,0.20,22751,0.74,821871,0.84
2020-12-10,1764682,0.29,1066582,0.48,76800,0.24,52800,0.19,22845,0.70,784406,0.80
2020-12-09,1705159,0.29,1017090,0.46,74700,0.24,50900,0.18,22459,0.72,749886,0.85
2020-12-08,1544078,0.26,1029646,0.46,75000,0.24,51900,0.19,22177,0.68,744112,0.82
2020-12-07,1659836,0.30,1018044,0.50,77800,0.25,52600,0.19,21424,0.72,729674,0.83
2020-12-06,879278,0.33,545433,0.53,35100,0.33,31900,0.30,9904,0.51,590525,0.72
2020-12-05,1001236,0.28,619735,0.47,33500,0.26,37900,0.24,10151,0.55,572557,0.64
2020-12-04,1704749,0.29,1012813,0.46,72100,0.23,51700,0.19,21960,0.71,775709,0.79
2020-12-03,1739370,0.29,1056963,0.46,75100,0.24,52000,0.19,22941,0.70,767310,0.80
2020-12-02,1703245,0.29,1018368,0.45,73600,0.23,50500,0.18,22712,0.67,746840,0.80
2020-12-01,1709780,0.29,1051162,0.47,73600,0.23,50200,0.18,21693,0.72,752069,0.84
2020-11-30,1462166,0.28,819615,0.42,80000,0.24,54200,0.19,19751,0.75,652664,0.85
2020-11-29,827800,0.41,545820,0.67,32600,0.35,34400,0.33,9360,0.62,631799,0.87
2020-11-28,1034026,0.37,684962,0.56,37800,0.33,45600,0.30,10808,0.76,649087,0.72
2020-11-27,1265519,0.36,812188,0.57,77300,0.24,12300,0.12,12395,0.83,671214,0.84
2020-11-26,653123,0.31,443386,0.54,72600,0.22,10700,0.10,12151,0.57,564193,0.63
2020-11-25,1691393,0.32,1032401,0.48,93400,0.28,67200,0.23,21450,0.78,853222,0.86
2020-11-24,1739107,0.30,1064087,0.46,89800,0.27,61100,0.21,22814,0.72,821450,0.82
2020-11-23,1649748,0.29,1002977,0.44,87700,0.27,59500,0.21,21297,0.71,755375,0.83
2020-11-22,818055,0.36,543514,0.58,31000,0.33,31900,0.31,10694,0.59,598349,0.79
2020-11-21,1157976,0.36,750818,0.55,39200,0.34,51200,0.34,13193,0.78,742369,0.83
2020-11-20,1803896,0.31,1073124,0.49,87400,0.27,60400,0.21,22945,0.75,843069,0.86
2020-11-19,1761064,0.29,1058467,0.45,84700,0.26,57800,0.20,21780,0.67,800461,0.83
2020-11-18,1791183,0.30,1072627,0.46,84100,0.26,57700,0.20,23390,0.70,776422,0.84
2020-11-17,1792431,0.30,1094353,0.47,87000,0.26,58600,0.20,22524,0.69,764725,0.84
2020-11-16,1745282,0.31,1051458,0.48,89500,0.27,61400,0.21,21851,0.74,757988,0.86
2020-11-15,821555,0.34,524515,0.52,30900,0.33,32900,0.32,9763,0.52,596389,0.73
2020-11-14,1215491,0.38,755714,0.57,41400,0.36,58000,0.38,12928,0.74,735029,0.81
2020-11-13,1820025,0.31,1061880,0.48,86300,0.26,61000,0.21,22054,0.70,821059,0.83
2020-11-12,1780212,0.30,1058761,0.46,86200,0.26,58200,0.20,22059,0.67,779141,0.81
2020-11-11,1617862,0.34,968853,0.53,83300,0.25,21200,0.20,20263,0.92,713640,0.78
2020-11-10,1840750,0.32,1146090,0.52,91500,0.28,63000,0.22,23138,0.72,800965,0.90
2020-11-09,1756175,0.30,1099361,0.50,91700,0.28,62400,0.22,21444,0.68,773217,0.91
2020-11-08,928516,0.37,584868,0.56,38500,0.41,44000,0.42,10474,0.54,726041,0.85
2020-11-07,1246356,0.39,749502,0.57,46400,0.40,66300,0.44,13409,0.76,790712,0.87
2020-11-06,1840860,0.31,1114000,0.51,89500,0.27,65000,0.23,22659,0.77,858167,0.88
2020-11-05,1797589,0.30,1125820,0.48,87000,0.26,59900,0.21,22937,0.71,818991,0.86
2020-11-04,1693937,0.28,1083036,0.46,81600,0.25,56400,0.20,22174,0.67,754704,0.81
2020-11-03,1606096,0.29,1017551,0.48,82100,0.25,58100,0.20,20416,0.67,720562,0.81
2020-11-02,1751443,0.30,1064298,0.46,87200,0.27,59400,0.21,21127,0.70,772129,0.84
2020-11-01,786678,0.27,510667,0.52,29500,0.31,35500,0.34,10180,0.60,660915,0.85
2020-10-31,1174079,0.35,724129,0.52,41500,0.37,63600,0.42,12816,0.70,743811,0.80
2020-10-30,1771288,0.30,1004498,0.44,84300,0.27,65900,0.23,21243,0.70,824680,0.83
2020-10-29,1708611,0.30,974119,0.45,81800,0.26,60300,0.21,20925,0.72,776467,0.88
2020-10-28,1823028,0.30,1109591,0.47,86700,0.28,64000,0.22,23258,0.73,801966,0.87
2020-10-27,1818884,0.30,1138746,0.49,87400,0.28,64400,0.22,21870,0.70,789371,0.86
2020-10-26,1694080,0.29,1058119,0.46,86700,0.28,64800,0.22,20817,0.72,760604,0.83
2020-10-25,885001,0.40,576930,0.66,33700,0.37,45000,0.43,10074,0.59,725809,0.93
2020-10-24,1185612,0.36,780710,0.56,43600,0.38,72200,0.47,12916,0.72,805454,0.85
2020-10-23,1846268,0.31,1128035,0.49,89900,0.29,71100,0.24,21766,0.72,881995,0.88
2020-10-22,1829135,0.30,1146065,0.48,88700,0.28,67000,0.23,22391,0.70,845064,0.86
2020-10-21,1816797,0.30,1147375,0.48,86200,0.27,65200,0.22,22959,0.70,806738,0.85
2020-10-20,1784090,0.31,1127897,0.50,86600,0.28,63500,0.22,21936,0.73,790018,0.90
2020-10-19,1722723,0.30,1104658,0.48,89200,0.28,66000,0.23,20812,0.76,782239,0.90
2020-10-18,897886,0.37,585376,0.60,34700,0.38,48700,0.46,9998,0.54,752262,0.90
2020-10-17,1211061,0.36,780003,0.56,43800,0.39,70500,0.46,11831,0.67,794520,0.83
2020-10-16,1674686,0.28,986166,0.43,83800,0.27,64900,0.22,20776,0.69,820106,0.80
2020-10-15,1857822,0.31,1154164,0.50,90300,0.29,67700,0.23,22834,0.73,866245,0.89
2020-10-14,1842638,0.32,1161893,0.53,89200,0.28,66700,0.23,23169,0.75,824529,0.91
2020-10-13,1718853,0.29,1067179,0.45,76600,0.24,62700,0.22,20909,0.69,765671,0.84
2020-10-12,1286892,0.30,770512,0.47,76800,0.24,59300,0.20,15722,0.83,685982,0.80
2020-10-11,849518,0.32,564046,0.52,34600,0.38,45700,0.43,9470,0.51,692669,0.77
2020-10-10,1171657,0.36,770914,0.56,44500,0.39,77300,0.51,12627,0.72,823775,0.88
2020-10-09,1811779,0.31,1114870,0.49,78700,0.25,72400,0.25,21274,0.71,896404,0.87
2020-10-08,1801918,0.30,1128062,0.48,88000,0.28,65600,0.23,21964,0.70,845788,0.87
2020-10-07,1774408,0.36,1124542,0.61,87100,0.28,64300,0.22,23027,0.82,814866,1.00
2020-10-06,1762320,0.31,1133242,0.49,87700,0.28,65100,0.22,21475,0.71,802900,0.91
2020-10-05,1682379,0.29,1092193,0.47,88700,0.28,62900,0.22,19971,0.69,783540,0.87
2020-10-04,853591,0.34,566754,0.53,35000,0.38,43900,0.42,10010,0.52,706562,0.81
2020-10-03,1168073,0.35,773305,0.55,45000,0.40,68900,0.45,12759,0.72,810626,0.87
2020-10-02,1794201,0.30,1109459,0.48,87300,0.28,67100,0.23,21626,0.72,891268,0.89
2020-10-01,1813961,0.30,1150563,0.50,86100,0.27,62100,0.21,22309,0.71,870606,0.93
2020-09-30,1744524,0.29,1077000,0.45,89200,0.27,61500,0.21,21424,0.69,822683,0.89
2020-09-29,1664896,0.32,1023100,0.50,88400,0.27,59700,0.21,20517,0.74,790861,0.91
2020-09-28,1492611,0.31,955300,0.50,89700,0.27,63800,0.22,17678,0.74,753159,0.87
2020-09-27,846184,0.33,586900,0.54,40000,0.40,45200,0.43,9491,0.51,731091,0.80
2020-09-26,1120175,0.35,756300,0.54,47200,0.40,66800,0.44,12128,0.71,824515,0.85
2020-09-25,1765299,0.30,1077600,0.47,92500,0.28,67900,0.24,21233,0.74,912599,0.89
2020-09-24,1726180,0.29,1070500,0.45,89100,0.27,62400,0.22,21554,0.70,857578,0.88
2020-09-23,1739043,0.29,1093600,0.45,89000,0.27,62300,0.22,22501,0.71,834469,0.88
2020-09-22,1702325,0.28,1061900,0.45,87400,0.27,61000,0.21,21103,0.70,808351,0.88
2020-09-21,1627636,0.28,1021200,0.44,89700,0.27,61800,0.21,19488,0.70,788505,0.85
2020-09-20,828365,0.32,585500,0.52,39000,0.39,41800,0.40,9269,0.50,705596,0.76
2020-09-19,1137948,0.34,761600,0.53,46800,0.40,64600,0.42,12246,0.69,802614,0.83
2020-09-18,1728810,0.29,1074200,0.46,90700,0.28,65700,0.23,20702,0.72,894931,0.88
2020-09-17,1695985,0.28,1060400,0.44,86900,0.27,61500,0.21,21005,0.68,848024,0.87
2020-09-16,1690405,0.28,1075300,0.44,87000,0.27,60700,0.21,22070,0.69,816708,0.86
2020-09-15,1681774,0.28,1087600,0.45,87000,0.27,60800,0.21,20763,0.68,815700,0.88
2020-09-14,1607896,0.28,1044500,0.44,89500,0.27,60900,0.21,19888,0.70,799573,0.86
2020-09-13,796744,0.31,577400,0.52,36700,0.37,38100,0.36,9315,0.50,703809,0.77
2020-09-12,1083727,0.35,759700,0.55,44500,0.38,60500,0.40,12349,0.73,800190,0.85
2020-09-11,1693776,0.29,1072600,0.46,88600,0.27,65100,0.23,20809,0.71,895766,0.88
2020-09-10,1547065,0.26,989000,0.41,82100,0.25,57100,0.20,20181,0.65,801431,0.83
2020-09-09,1613662,0.27,1081700,0.44,86100,0.26,61500,0.21,21801,0.69,825412,0.88
2020-09-08,1559312,0.26,1032900,0.43,90600,0.28,63300,0.22,19806,0.64,833996,0.90
2020-09-07,872174,0.39,650300,0.69,80000,0.24,40300,0.14,9261,0.97,697865,0.76
2020-09-06,819600,0.33,580400,0.53,44700,0.45,45400,0.43,10160,0.54,753036,0.84
2020-09-05,1013746,0.32,740100,0.52,50500,0.43,64700,0.42,12118,0.72,798823,0.86
2020-09-04,1571533,0.28,1034500,0.48,88300,0.27,64200,0.22,20223,0.70,936602,0.96
2020-09-03,1532512,0.27,1030700,0.45,82600,0.25,58000,0.20,19992,0.66,869126,0.91
2020-09-02,1491161,0.27,994000,0.46,77600,0.24,53000,0.18,19990,0.66,810144,0.86
2020-09-01,1472491,0.28,996600,0.47,76500,0.23,53100,0.18,18929,0.66,809685,0.85
2020-08-31,1400448,0.26,987400,0.46,78100,0.25,52700,0.19,18185,0.64,817544,1.10
2020-08-30,748886,0.30,822300,0.76,45100,0.43,41600,0.40,9752,0.52,805096,0.90
2020-08-29,774465,0.27,892800,0.67,37600,0.28,41300,0.27,9814,0.60,645956,0.69
2020-08-28,1391299,0.28,1333400,0.67,76100,0.24,53100,0.19,18845,0.71,899892,0.87
2020-08-27,1361128,0.26,1274100,0.61,73100,0.23,48800,0.18,19271,0.69,847285,0.83
2020-08-26,1410651,0.27,1361400,0.67,76600,0.24,50800,0.19,20659,0.71,859625,0.91
2020-08-25,1349335,0.26,1273400,0.62,73300,0.23,49700,0.18,18682,0.66,821597,0.87
2020-08-24,1310101,0.27,1270700,0.66,75100,0.24,50100,0.18,17643,0.70,815665,0.88
2020-08-23,672193,0.29,783200,0.71,37900,0.36,35300,0.34,8297,0.47,737097,0.79
2020-08-22,883393,0.30,998700,0.73,49100,0.37,51600,0.34,11456,0.69,812308,0.83
2020-08-21,1390232,0.29,1335800,0.70,76100,0.24,53000,0.19,19035,0.70,909773,0.90
2020-08-20,1413449,0.28,1352700,0.68,75600,0.24,50900,0.19,19344,0.68,889782,0.89
2020-08-19,1294931,0.26,1212800,0.61,70100,0.22,47700,0.17,19915,0.68,816805,0.86
2020-08-18,1372568,0.27,1307400,0.65,74200,0.24,47900,0.18,19274,0.68,838008,0.88
2020-08-17,1307543,0.27,1275000,0.66,74500,0.24,49400,0.18,17377,0.67,806108,0.86
2020-08-16,554980,0.24,622000,0.57,29900,0.29,28500,0.27,7902,0.44,620686,0.68
2020-08-15,861763,0.30,1001000,0.72,46800,0.35,51400,0.34,11487,0.69,804346,0.85
2020-08-14,1358798,0.27,1321800,0.67,72900,0.23,50700,0.19,18113,0.67,893657,0.89
2020-08-13,1294248,0.24,1198800,0.58,69200,0.22,46500,0.17,18608,0.65,819019,0.82
2020-08-12,1302087,0.25,1227500,0.61,68300,0.22,46800,0.17,19346,0.65,800865,0.85
2020-08-11,1322978,0.26,1256400,0.64,72400,0.23,46700,0.17,18546,0.66,821976,0.91
2020-08-10,1278263,0.25,1243700,0.63,73500,0.24,46800,0.17,18178,0.69,826001,0.87
2020-08-09,663642,0.27,766700,0.70,37600,0.36,32200,0.31,8287,0.47,744618,0.81
2020-08-08,834093,0.28,962000,0.70,41700,0.31,43600,0.29,10613,0.62,730739,0.75
2020-08-07,1286635,0.25,1256300,0.62,66000,0.21,42400,0.16,17502,0.64,844097,0.83
2020-08-06,1337819,0.25,1241800,0.59,66700,0.21,38800,0.14,19117,0.66,847497,0.85
2020-08-05,1351026,0.26,1305000,0.66,58000,0.19,36900,0.14,18299,0.62,847330,0.93
2020-08-04,1028686,0.19,968100,0.46,36800,0.12,31100,0.11,14924,0.51,577415,0.62
2020-08-03,1275951,0.25,1268300,0.62,70800,0.23,45900,0.17,17594,0.66,818732,0.87
2020-08-02,590675,0.24,707000,0.62,30500,0.29,28100,0.27,7431,0.40,648735,0.70
2020-08-01,843372,0.28,969300,0.69,44400,0.33,48700,0.32,10685,0.64,799745,0.85
2020-07-31,1260968,0.24,1220700,0.60,67600,0.21,50900,0.18,17654,0.65,859774,0.84
2020-07-30,1272918,0.23,1224100,0.57,69000,0.22,48600,0.17,17333,0.60,820275,0.81
2020-07-29,1298880,0.24,1273100,0.62,70000,0.22,48500,0.17,18216,0.62,816959,0.87
2020-07-28,1244405,0.23,1210600,0.57,66700,0.21,45800,0.16,16892,0.58,782226,0.83
2020-07-27,1206129,0.23,1185000,0.57,70100,0.22,45700,0.16,16607,0.63,793225,0.84
2020-07-26,607452,0.25,721100,0.64,36200,0.35,32300,0.30,7429,0.41,697533,0.73
2020-07-25,817403,0.27,967300,0.69,43300,0.34,47600,0.31,10350,0.61,769898,0.78
2020-07-24,1220649,0.23,1134300,0.56,65900,0.21,49000,0.17,17311,0.63,826030,0.80
2020-07-23,1236427,0.22,1180200,0.55,65600,0.21,47000,0.17,17056,0.58,791577,0.78
2020-07-22,1236384,0.22,1189100,0.54,65300,0.21,46700,0.17,17582,0.58,784013,0.80
2020-07-21,1244544,0.24,1204300,0.59,67600,0.21,48000,0.17,16831,0.58,792955,0.87
2020-07-20,1159163,0.23,1130400,0.57,67700,0.21,46800,0.17,15957,0.61,770607,0.84
2020-07-19,585498,0.27,692800,0.67,36400,0.35,29900,0.28,7052,0.46,696110,0.80
2020-07-18,779722,0.30,913700,0.72,41200,0.32,45500,0.29,9785,0.65,747445,0.81
2020-07-17,1209692,0.23,1176200,0.57,64800,0.20,47400,0.17,16401,0.61,819471,0.80
2020-07-16,1251884,0.23,1211800,0.59,66700,0.21,47400,0.17,17230,0.60,819850,0.84
2020-07-15,1251164,0.23,1229000,0.58,66500,0.21,46900,0.17,18149,0.60,803399,0.85
2020-07-14,1243749,0.22,1211300,0.56,66300,0.21,46200,0.16,17081,0.57,794838,0.83
2020-07-13,1178204,0.22,1144100,0.55,66400,0.21,46200,0.16,15928,0.59,756123,0.80
2020-07-12,628918,0.26,727700,0.64,34900,0.33,31800,0.30,7395,0.41,703590,0.74
2020-07-11,693789,0.23,852600,0.59,30100,0.24,35300,0.23,8453,0.49,625288,0.63
2020-07-10,1032749,0.19,926800,0.45,55900,0.18,39700,0.14,15738,0.57,712635,0.70
2020-07-09,1213851,0.22,1195700,0.57,65500,0.21,45500,0.16,17017,0.57,818034,0.84
2020-07-08,1174733,0.21,1114900,0.51,63000,0.20,43400,0.15,16980,0.57,758208,0.79
2020-07-07,1159588,0.21,1118800,0.52,61800,0.20,44100,0.16,16003,0.54,749833,0.79
2020-07-06,1087178,0.21,1030200,0.50,63900,0.20,44300,0.16,14886,0.55,750584,0.81
2020-07-05,534220,0.23,658700,0.60,34600,0.33,30600,0.29,6280,0.35,659099,0.75
2020-07-04,592295,0.23,754900,0.59,38400,0.30,41800,0.27,8391,0.58,569212,0.72
2020-07-03,853015,0.31,968200,0.87,56200,0.18,42900,0.15,10915,0.84,713240,0.83
2020-07-02,1172848,0.22,1178500,0.57,64300,0.20,45500,0.16,15981,0.53,881471,1.15
2020-07-01,1122842,0.22,1102200,0.53,56500,0.18,40000,0.14,16451,0.55,779409,0.77
2020-06-30,1115510,0.21,1082000,0.52,58000,0.17,40900,0.14,15291,0.52,758785,0.80
2020-06-29,1103086,0.21,1087500,0.53,63300,0.19,42600,0.14,14705,0.55,767165,0.80
2020-06-28,536488,0.18,641800,0.58,25700,0.26,26200,0.24,5748,0.34,623131,0.67
2020-06-27,616084,0.19,753900,0.57,26800,0.22,34800,0.22,8541,0.53,630731,0.65
2020-06-26,1104497,0.20,1130100,0.57,55600,0.17,41500,0.14,15048,0.54,830887,0.80
2020-06-25,1081006,0.19,1088500,0.52,53400,0.16,38200,0.13,14854,0.50,781618,0.75
2020-06-24,1070527,0.19,1099900,0.49,52400,0.16,38000,0.13,15155,0.49,752750,0.74
2020-06-23,1053005,0.19,1086200,0.52,52900,0.16,37600,0.13,15069,0.51,744822,0.78
2020-06-22,1002073,0.19,1016200,0.48,53900,0.16,38400,0.13,13314,0.49,733291,0.75
2020-06-21,449497,0.17,592400,0.53,27100,0.28,27600,0.25,6328,0.34,654914,0.68
2020-06-20,576097,0.17,768500,0.55,29000,0.24,36000,0.23,8185,0.47,666226,0.66
2020-06-19,988680,0.18,1035300,0.55,50200,0.15,38800,0.13,13868,0.49,797519,0.78
2020-06-18,944318,0.17,977700,0.48,47900,0.14,35800,0.12,13808,0.46,729487,0.73
2020-06-17,950318,0.17,977200,0.45,47200,0.14,36300,0.12,14595,0.47,709680,0.73
2020-06-16,934545,0.17,961000,0.46,46900,0.14,34100,0.12,12939,0.43,695359,0.75
2020-06-15,898925,0.17,940900,0.43,47500,0.14,34500,0.12,12953,0.48,674785,0.71
2020-06-14,430446,0.19,571200,0.55,20900,0.21,22700,0.21,5195,0.28,563725,0.61
2020-06-13,545333,0.17,706800,0.50,25400,0.21,32400,0.20,7794,0.43,631065,0.63
2020-06-12,898314,0.16,966300,0.43,45100,0.14,33700,0.11,13224,0.46,765492,0.74
2020-06-11,819873,0.14,830100,0.38,41000,0.12,29100,0.10,12514,0.42,656696,0.68
2020-06-10,858782,0.15,914700,0.39,43100,0.13,30800,0.10,13616,0.43,680270,0.69
2020-06-09,843968,0.15,916900,0.41,42300,0.13,29500,0.10,12869,0.44,680462,0.71
2020-06-08,806138,0.15,863400,0.42,42600,0.13,30500,0.10,11957,0.46,644830,0.74
2020-06-07,378085,0.15,531900,0.49,16800,0.17,18500,0.17,4650,0.26,538419,0.60
2020-06-06,464207,0.14,648000,0.46,18100,0.15,23600,0.15,6591,0.37,551793,0.57
2020-06-05,704825,0.12,772900,0.35,33500,0.10,25200,0.09,11698,0.41,643562,0.62
2020-06-04,728018,0.13,797700,0.37,29800,0.09,25500,0.09,12000,0.40,650868,0.65
2020-06-03,683037,0.12,741200,0.32,32500,0.10,23500,0.08,11962,0.39,582624,0.60
2020-06-02,695276,0.13,724400,0.34,33800,0.10,24600,0.08,11206,0.38,579412,0.61
2020-06-01,688520,0.12,764300,0.34,34300,0.10,24500,0.08,10760,0.38,595060,0.62
2020-05-31,344428,0.14,468300,0.43,13600,0.14,14700,0.14,4216,0.23,495488,0.55
2020-05-30,426755,0.14,622000,0.44,15600,0.13,20300,0.13,6143,0.35,537180,0.56
2020-05-29,658353,0.11,720800,0.33,25100,0.08,21200,0.07,10185,0.37,598608,0.57
2020-05-28,659248,0.12,710800,0.32,25200,0.08,20400,0.07,10030,0.35,584629,0.60
2020-05-27,675705,0.12,719200,0.33,26500,0.08,21000,0.07,11088,0.38,601140,0.63
2020-05-26,657939,0.12,709000,0.33,26700,0.08,21800,0.08,9875,0.35,587270,0.63
2020-05-25,394359,0.15,531600,0.46,19300,0.06,19000,0.07,5428,0.50,445015,0.57
2020-05-24,320376,0.13,461200,0.43,11900,0.12,14100,0.14,4117,0.22,461171,0.53
2020-05-23,336250,0.11,460700,0.35,11000,0.09,14000,0.09,5550,0.35,394091,0.44
2020-05-22,634929,0.12,690200,0.31,22800,0.07,19900,0.07,9782,0.35,626984,0.60
2020-05-21,630367,0.11,655300,0.30,22600,0.07,19200,0.07,9731,0.33,585553,0.58
2020-05-20,624793,0.11,654800,0.28,22200,0.07,18500,0.06,10224,0.33,542409,0.55
2020-05-19,611951,0.10,643600,0.28,21600,0.07,18700,0.07,9290,0.31,524483,0.54
2020-05-18,596505,0.11,624200,0.28,22100,0.07,19200,0.07,8969,0.33,505315,0.52
2020-05-17,287755,0.11,413500,0.37,8800,0.09,3300,0.03,3577,0.19,391606,0.41
2020-05-16,361329,0.11,530600,0.37,11100,0.09,18400,0.12,5947,0.34,477098,0.48
2020-05-15,588784,0.10,671500,0.30,20100,0.06,45300,0.16,9473,0.33,562991,0.53
2020-05-14,568315,0.10,616000,0.26,19300,0.06,16400,0.06,8855,0.29,520395,0.51
2020-05-13,566333,0.10,611300,0.26,19400,0.06,17200,0.06,9437,0.30,509243,0.52
2020-05-12,554286,0.10,594900,0.26,19000,0.06,16700,0.06,8271,0.28,488406,0.52
2020-05-11,521702,0.10,553300,0.26,18300,0.06,16700,0.06,7636,0.29,458042,0.51
2020-05-10,272353,0.13,386000,0.46,8000,0.08,9200,0.09,3962,0.20,415868,0.49
2020-05-09,317372,0.10,462400,0.32,7700,0.06,11100,0.07,5055,0.28,371426,0.37
2020-05-08,526865,0.09,573700,0.25,15700,0.05,15200,0.05,8656,0.30,483831,0.47
2020-05-07,536003,0.09,605600,0.26,16100,0.05,16200,0.06,8509,0.28,488836,0.50
2020-05-06,509646,0.09,538800,0.22,14500,0.05,14700,0.05,8832,0.28,444179,0.46
2020-05-05,522979,0.09,583400,0.25,13300,0.04,15500,0.05,8445,0.27,462086,0.49
2020-05-04,512763,0.09,578300,0.25,11200,0.03,15800,0.06,8287,0.29,447424,0.48
2020-05-03,259199,0.11,375900,0.45,3300,0.03,7600,0.07,3263,0.19,353314,0.44
2020-05-02,326354,0.10,478600,0.34,4000,0.03,10900,0.07,5493,0.31,401938,0.43
2020-05-01,495312,0.09,555300,0.25,6200,0.02,12400,0.04,8332,0.29,445621,0.44
2020-04-30,466633,0.08,488800,0.21,9300,0.03,14400,0.05,7253,0.25,405169,0.41
2020-04-29,478589,0.08,519600,0.22,9100,0.03,14800,0.05,7844,0.26,410502,0.43
2020-04-28,490073,0.09,555600,0.24,9200,0.03,15400,0.05,7542,0.26,436347,0.47
2020-04-27,463700,0.08,518400,0.23,8800,0.03,15000,0.05,6922,0.25,384124,0.42
2020-04-26,219096,0.09,293500,0.30,1900,0.02,5400,0.05,2506,0.14,231541,0.28
2020-04-25,295836,0.09,430800,0.32,2900,0.03,9100,0.06,4719,0.29,350300,0.38
2020-04-24,444644,0.09,475400,0.27,7800,0.03,13200,0.05,7040,0.28,386935,0.43
2020-04-23,454300,0.08,487300,0.25,8400,0.03,13800,0.05,6969,0.25,386938,0.41
2020-04-22,459574,0.09,518900,0.26,8700,0.03,14100,0.05,7496,0.26,398703,0.42
2020-04-21,422860,0.08,450900,0.22,8300,0.03,13700,0.05,6613,0.24,356099,0.38
2020-04-20,438622,0.09,498700,0.27,8900,0.03,14800,0.05,7050,0.30,371776,0.40
2020-04-19,224751,0.10,318100,0.32,2200,0.02,6000,0.06,2742,0.14,276406,0.31
2020-04-18,254792,0.09,352000,0.29,2400,0.02,7200,0.05,4202,0.28,254735,0.30
2020-04-17,433106,0.09,470300,0.27,8300,0.03,13500,0.05,7048,0.29,378350,0.39
2020-04-16,421013,0.07,447000,0.20,8500,0.03,13800,0.05,6563,0.22,346342,0.35
2020-04-15,419851,0.07,454100,0.19,8600,0.03,13800,0.05,6928,0.22,340213,0.35
2020-04-14,430946,0.07,470900,0.20,8800,0.03,14100,0.05,6585,0.22,356104,0.38
2020-04-13,363961,0.07,347800,0.16,8200,0.03,13000,0.05,6205,0.22,284609,0.31
2020-04-12,198693,0.08,279100,0.28,2200,0.02,5100,0.05,2525,0.14,217871,0.26
2020-04-11,257467,0.08,378200,0.27,2700,0.02,7600,0.05,4235,0.24,254755,0.27
2020-04-10,400947,0.07,414100,0.19,8200,0.03,13000,0.05,5378,0.19,314100,0.31
2020-04-09,405325,0.07,401900,0.17,8400,0.03,12900,0.04,6243,0.20,303481,0.31
2020-04-08,428206,0.07,431700,0.18,9000,0.03,13500,0.05,6950,0.22,324882,0.34
2020-04-07,435718,0.08,441000,0.19,9300,0.03,14100,0.05,7041,0.23,335470,0.37
2020-04-06,446273,0.08,454900,0.20,10100,0.03,14400,0.05,7093,0.25,335769,0.37
2020-04-05,227603,0.09,299600,0.30,3000,0.03,5600,0.05,2763,0.14,209152,0.23
2020-04-04,282703,0.09,383400,0.27,3700,0.03,8100,0.05,4375,0.25,243323,0.26
2020-04-03,484200,0.09,483800,0.22,9700,0.03,13200,0.05,7794,0.27,340273,0.35
2020-04-02,486468,0.08,472700,0.20,10100,0.03,13700,0.05,7077,0.23,339734,0.35
2020-04-01,514201,0.09,495400,0.21,10500,0.03,13600,0.05,8151,0.25,342222,0.37
2020-03-31,509149,0.09,514300,0.22,,,,,7672,0.26,337626,0.37
2020-03-30,546355,0.10,563900,0.25,,,,,8084,0.28,344690,0.38
2020-03-29,264119,0.12,306800,0.31,,,,,3374,0.19,197154,0.24
2020-03-28,332993,0.10,403700,0.29,,,,,4491,0.26,240702,0.26
2020-03-27,658312,0.12,641800,0.29,,,,,8409,0.29,396778,0.40
2020-03-26,681923,0.12,646100,0.28,,,,,8795,0.29,390117,0.40
2020-03-25,691604,0.12,618000,0.27,,,,,9512,0.30,375767,0.41
2020-03-24,743314,0.13,657800,0.28,,,,,9133,0.30,395493,0.44
2020-03-23,711138,0.13,578200,0.26,,,,,9902,0.35,361514,0.41
2020-03-22,409364,0.17,378900,0.35,,,,,4824,0.26,277051,0.32
2020-03-21,620662,0.21,564900,0.43,,,,,6467,0.39,382993,0.43
2020-03-20,1312249,0.24,868600,0.41,,,,,12744,0.45,563262,0.58
2020-03-19,1425564,0.26,933600,0.43,,,,,14116,0.48,569696,0.62
2020-03-18,1629413,0.29,1059500,0.45,,,,,15942,0.50,634853,0.69
2020-03-17,1793359,0.32,1094900,0.47,,,,,18173,0.59,650445,0.72
2020-03-16,2184296,0.41,1237300,0.55,,,,,21145,0.76,708870,0.79
2020-03-15,1159079,0.48,711600,0.69,,,,,12480,0.68,535988,0.64
2020-03-14,1672800,0.53,993300,0.73,,,,,13394,0.79,631101,0.70
2020-03-13,3496765,0.62,1715700,0.77,,,,,26640,0.92,860419,0.86
2020-03-12,4163674,0.72,1938400,0.82,,,,,30814,0.99,881188,0.91
2020-03-11,4712462,0.82,2113000,0.90,,,,,32198,1.01,866706,0.93
2020-03-10,4883623,0.85,2112000,0.91,,,,,31315,1.02,855585,0.94
2020-03-09,4989635,0.90,2124800,0.93,,,,,29609,1.03,860073,0.95
2020-03-08,2122328,1.00,957200,1.07,,,,,19477,1.13,765084,0.99
2020-03-07,2817082,0.90,1249100,0.91,,,,,18117,1.04,827908,0.92
2020-03-06,5204732,0.92,2066700,0.93,,,,,30970,1.07,945408,0.96
2020-03-05,5513656,0.96,2244500,0.99,,,,,33209,1.07,929298,0.99
2020-03-04,5515945,0.97,2177200,0.97,,,,,34297,1.09,905558,1.00
2020-03-03,5498556,0.96,2228600,0.97,,,,,32767,1.07,882175,0.98
2020-03-02,5347055,1.24,2209100,1.40,,,,,30338,1.28,874620,1.28
2020-03-01,2214601,0.99,984900,1.01,,,,,19922,1.19,786961,1.08